rank,series_id,ews_score,level,f1_ratio,f2_conf,f3_season,f4_ampl,f5_inflect,candidate,rationale
1,한우물 영농조합|주먹밥|인체이물류,1.0,LOW_CONF,6.32747963124969,0.0,0.16964779525237172,1.0,0.0,False,증가율6.3x; 큰진폭1.00; 낮은신뢰도0.00
2,진천BC|파우치 죽(일반)|인체이물류,1.0,HIGH,4.001912662679122,0.8561933364698397,0.13770209522546933,1.0,0.2635231383473649,False,증가율4.0x; 큰진폭1.00
3,탕산율원식품|맛간식|팽창,1.0,LOW_CONF,6.175871159348066,0.0,0.07663501745436592,1.0,0.4166666666666666,False,증가율6.2x; 큰진폭1.00; 낮은신뢰도0.00
4,꿈꾸는콩|수입콩두부|팽창,1.0,HIGH,3.9723450325837724,0.5267070109139814,0.08753768887689106,1.0,0.21746531269975655,False,증가율4.0x; 큰진폭1.00
5,꿈터식품|하선정찬류|기타변질,1.0,HIGH,4.6666900875966375,0.4941684435194942,0.11657993217957088,1.0,0.2635231383473649,False,증가율4.7x; 큰진폭1.00
6,진천BC|중식프라잉|합성수지류,1.0,HIGH,6.216538988054137,0.49404888553038884,0.12977552951411273,1.0,0.22271770159368698,False,증가율6.2x; 큰진폭1.00
7,진천BC|파우치 죽(일반)|성분,1.0,HIGH,3.1981736928128948,0.7926920412160412,0.1414855349650499,1.0,0.722717701593687,False,증가율3.2x; 큰진폭1.00; 변곡위험0.72
8,진천BC|비비고썰은김치|기타변질,1.0,HIGH,4.138986916284585,0.5,0.13157747359855412,1.0,0.2635231383473649,False,증가율4.1x; 큰진폭1.00
9,진천BC|백미|미생물,1.0,HIGH,4.16397043747043,0.5462983097752117,0.11055265801439973,1.0,0.13037402089406344,False,증가율4.2x; 큰진폭1.00
10,씨푸드_성남|삼호어묵|인체이물류,1.0,HIGH,3.030688474253543,0.7096688206395054,0.2589720581137765,1.0,0.722717701593687,False,증가율3.0x; 큰진폭1.00; 변곡위험0.72
11,신라에스지|땡류|동물성이물,1.0,HIGH,6.13012508143231,0.5130775121482003,0.2521998192416607,1.0,0.33407655239053047,False,증가율6.1x; 큰진폭1.00
12,진천)육가공|B2C 스팸단품|향(냄새),1.0,HIGH,3.7078472773491398,0.7835421507719211,0.07982779123912342,1.0,0.2635231383473649,False,증가율3.7x; 큰진폭1.00
13,진천)두부|국산콩두부|포장불량,1.0,HIGH,4.517628195932753,0.24730209646652623,0.09664696940234514,1.0,0.26352313834736496,False,증가율4.5x; 큰진폭1.00
14,부산공장|일반덮밥|인체이물류,1.0,HIGH,3.6492885545009535,0.5,0.08422968839271198,1.0,0.7635231383473648,False,증가율3.6x; 큰진폭1.00; 변곡위험0.76
15,정다운(자연일가)|일반 국물 삼계|기타변질,1.0,LOW_CONF,6.467116485637122,0.0,0.27773682466247746,1.0,0.0,False,증가율6.5x; 큰진폭1.00; 낮은신뢰도0.00
16,부산공장|백미|향(냄새),1.0,HIGH,9.1658747235537,0.5100743785730606,0.09418391810845515,1.0,0.24410420808904473,False,증가율9.2x; 큰진폭1.00
17,신라에스지|미니소시지|벌레류,1.0,HIGH,3.007081743397634,0.5043760659393633,0.13255303676374544,1.0,0.7635231383473648,False,증가율3.0x; 큰진폭1.00; 변곡위험0.76
18,성보(HMR)|일반 국물 사골|중량수량미달,1.0,HIGH,4.5278015281716835,0.7496973701443204,0.1925521760664123,1.0,0.24514516892273,False,증가율4.5x; 큰진폭1.00
19,성보(HMR)|프리미엄 국물|합성수지류,1.0,HIGH,5.130060419137301,0.8983155775905267,0.12557646659481808,1.0,0.7635231383473648,False,증가율5.1x; 큰진폭1.00; 변곡위험0.76
20,인천1)당|국판당 대물|성분,1.0,LOW_CONF,4.125035560110259,0.0,0.09132954564621874,1.0,0.5,False,증가율4.1x; 큰진폭1.00; 변곡위험0.50; 낮은신뢰도0.00
21,영등포공장|튀김부침용|벌레류,1.0,LOW_CONF,3.5828330344777335,0.0,0.16552717607131365,1.0,0.5,False,증가율3.6x; 큰진폭1.00; 변곡위험0.50; 낮은신뢰도0.00
22,에스앤푸드|수입콩두부|표시사항,1.0,HIGH,4.626909795842601,0.5,0.14421661778673905,1.0,0.2635231383473649,False,증가율4.6x; 큰진폭1.00
23,양산공장|1급중력밀가루|벌레류,1.0,LOW_CONF,15.345747443454346,0.0,0.1303964827782247,1.0,0.0,False,증가율15.3x; 큰진폭1.00; 낮은신뢰도0.00
24,씨푸드_성남|삼호어묵|기타,1.0,HIGH,5.701799149135099,0.5341698209828809,0.08869707656457126,1.0,0.29462782549439476,False,증가율5.7x; 큰진폭1.00
25,씨푸드_성남|삼호어묵|벌레류,1.0,HIGH,5.273191743667077,0.6249830989211687,0.15455606593877863,1.0,0.18633899812498247,False,증가율5.3x; 큰진폭1.00
26,진천)육가공|B2C스팸 싱글|기타변질,1.0,HIGH,9.293227360408986,0.5,0.08215327334981933,1.0,0.7635231383473648,False,증가율9.3x; 큰진폭1.00; 변곡위험0.76
27,부산공장|백미|벌레류,1.0,LOW_CONF,4.238648034488962,0.1798348649203234,0.38099698614959926,1.0,0.32906415603312994,False,증가율4.2x; 큰진폭1.00; 낮은신뢰도0.18
28,진천)육가공|슬라이스|공정이물류,1.0,HIGH,4.49465842429677,0.6087476349374304,0.1378832148739151,1.0,0.10963225241337865,False,증가율4.5x; 큰진폭1.00
29,한우물 영농조합|주먹밥|포장불량,0.989353516752794,LOW_CONF,3.991346924723503,0.0,0.1369471060269779,1.0,0.0,False,증가율4.0x; 큰진폭1.00; 낮은신뢰도0.00
30,한국농협김치_화성|비비고썰은김치|포장불량,0.9781517271020903,HIGH,2.658477603830618,0.5859770328658206,0.21338703695785383,1.0,0.722717701593687,False,증가율2.7x; 큰진폭1.00; 변곡위험0.72
31,교동(HMR)_1공장|일반 국물|금속류,0.9713193447392428,HIGH,3.1560073577978573,0.7256039847562084,0.09524215932255674,1.0,0.2635231383473649,False,증가율3.2x; 큰진폭1.00
32,진천BC|PSPS|기타이물류,0.9582469786853737,HIGH,3.310358233648196,0.5031531526294961,0.07676409866343446,1.0,0.23836564731139806,False,증가율3.3x; 큰진폭1.00
33,논산1공장|초고추장가정용|변화,0.9250805573722423,LOW_CONF,3.7182944714868538,0.0,0.10473887691623827,1.0,0.0,False,증가율3.7x; 큰진폭1.00; 낮은신뢰도0.00
34,인천2)유|고소함가득참기름|향(냄새),0.923454175574335,LOW_CONF,3.626171294443261,0.0,0.16073305561894233,1.0,0.0,False,증가율3.6x; 큰진폭1.00; 낮은신뢰도0.00
35,진천BC|볶음밥|기타,0.913783384713022,HIGH,2.807743076185049,0.6148571156131281,0.21454218558426377,1.0,0.22821773229381923,False,증가율2.8x; 큰진폭1.00
36,푸드웨어|비비고 수제만두|식물성이물,0.9091470468967802,LOW_CONF,3.0722434499538993,0.0,0.1489945230200009,1.0,0.5,False,증가율3.1x; 큰진폭1.00; 변곡위험0.50; 낮은신뢰도0.00
37,꿈터식품|하선정찬류|성분,0.8978386715357313,HIGH,2.510765367287199,0.6501636945172875,0.33004575060799746,1.0,0.24573659359149516,False,증가율2.5x; 큰진폭1.00
38,부산공장|백미|공정이물류,0.8966526485428118,HIGH,2.5168980855754057,0.8452002114271229,0.18544979256214572,1.0,0.3042903097250923,False,증가율2.5x; 큰진폭1.00
39,인천1)당|국판당 소물|제품,0.8894466166515771,HIGH,2.963543115239388,0.5,0.06344455311408853,1.0,0.2635231383473649,False,증가율3.0x; 큰진폭1.00
40,진천BC|더건강한 닭가슴살|기타,0.8891830586295931,HIGH,2.7269389279291354,0.7327200169218253,0.15839207377608894,1.0,0.18184824186332696,False,증가율2.7x; 큰진폭1.00
41,부산공장|프리미엄덮밥|인체이물류,0.8834489244126192,HIGH,2.164202383718682,0.9166501018813878,0.3353697746222486,1.0,0.31250000000000006,False,증가율2.2x; 큰진폭1.00
42,진천)육가공|베이컨|포장불량,0.8781475932105162,HIGH,2.8729391244096587,0.28834798825423913,0.2431193848428391,1.0,0.18685877318798394,False,증가율2.9x; 큰진폭1.00
43,씨푸드_성남|삼호어묵|동물성이물,0.8731938176873117,HIGH,2.621677015997379,0.5012799460534851,0.1344436308215996,1.0,0.4166666666666667,False,증가율2.6x; 큰진폭1.00
44,소디프|냉장스낵|포장불량,0.8720617658773832,HIGH,2.517926934048245,0.5549066979220146,0.24564876296588523,1.0,0.30772872744833185,False,증가율2.5x; 큰진폭1.00
45,인천냉동식품|손만두|변화,0.871916066133797,LOW_CONF,2.8703609385685005,0.02121696976844456,0.2044266654049899,1.0,0.4166666666666666,False,증가율2.9x; 큰진폭1.00; 낮은신뢰도0.02
46,인천냉동식품|비비고 왕교자|제품,0.857762390478239,HIGH,2.507950628329204,0.6242077047639568,0.1806925858815711,1.0,0.2916666666666667,False,증가율2.5x; 큰진폭1.00
47,부산공장|잡곡|팽창,0.8479926094436953,HIGH,2.485200950444574,0.5831508932661901,0.21483583860101965,1.0,0.24514516892273,False,증가율2.5x; 큰진폭1.00
48,공주공장|쌈장가정용|인체이물류,0.8428987715491533,HIGH,1.5141923141704803,0.9972111985879317,0.19048431864511345,1.0,0.9166666666666665,False,증가율1.5x; 큰진폭1.00; 변곡위험0.92
49,청수|콩나물|기타,0.8365042229911727,HIGH,1.8185554128878763,0.7500790891845917,0.41510661488218065,1.0,0.42874646285627205,True,증가율1.8x; 큰진폭1.00
50,진천BC|볶음밥|향(냄새),0.8313756181110008,HIGH,2.4250136666292184,0.5071371896293662,0.12322991002472898,1.0,0.4166666666666666,False,증가율2.4x; 큰진폭1.00
51,신선촌|콩나물|기타,0.8261570046939821,LOW_CONF,2.8759241538796,0.05180812577088789,0.03289207239698497,1.0,0.4166666666666666,False,증가율2.9x; 큰진폭1.00; 낮은신뢰도0.05
52,논산1공장|고추장가정용|변화,0.8259644442767476,LOW_CONF,2.666971044450645,0.0,0.2573273011351912,1.0,0.3268602252303067,False,증가율2.7x; 큰진폭1.00; 낮은신뢰도0.00
53,뚜또|과일젤리|기타이물류,0.8249207592036594,HIGH,2.5853418678711573,0.603657228807833,0.0790747931473733,1.0,0.21790681682020444,False,증가율2.6x; 큰진폭1.00
54,진천BC|비비고썰은김치|변화,0.821039888205051,HIGH,1.9672019767013578,0.696236212690442,0.43728082649442657,1.0,0.20989906506442535,True,증가율2.0x; 큰진폭1.00
55,씨푸드_이천|국판 씨푸드김|기타이물류,0.8157626131656559,HIGH,2.076177986412785,0.6654300138139795,0.2245972682588957,1.0,0.4166666666666666,False,증가율2.1x; 큰진폭1.00
56,인천냉동식품|비비고 왕교자|기타변질,0.8139661795451671,HIGH,1.4880990583979,0.6524621103242938,0.5979665689315609,1.0,0.445435403187374,True,큰진폭1.00
57,인천냉동식품|비비고 수제만두|합성수지류,0.8136794014984754,HIGH,1.8359866431534102,0.5370931973079527,0.5202311868887771,1.0,0.29924368602483664,True,증가율1.8x; 큰진폭1.00
58,논산1공장|파스타소스|곰팡이,0.8132023324481984,HIGH,2.3492329715265674,0.5,0.20818012901796729,1.0,0.2795084971874737,False,증가율2.3x; 큰진폭1.00
59,진천BC|비비고별미김치|기타,0.8084649852600436,HIGH,1.804031079371355,0.8987125342800518,0.3768356572938835,1.0,0.24900596027799868,False,증가율1.8x; 큰진폭1.00
60,탕산율원식품|맛간식|맛,0.8017670701705597,HIGH,2.5650327752228885,0.5040377186909393,0.034834098842893596,1.0,0.2635231383473649,False,증가율2.6x; 큰진폭1.00
61,남원공장|냉면|포장불량,0.7988187210375584,HIGH,1.716086564854662,0.7661444305080093,0.5064351019193937,1.0,0.19374606457303212,True,증가율1.7x; 큰진폭1.00
62,진천BC|일반 국물 사골|벌레류,0.7926693782887299,HIGH,1.937769911835403,0.5,0.09136922750725412,1.0,0.7635231383473648,False,증가율1.9x; 큰진폭1.00; 변곡위험0.76
63,진천)육가공|더건강한 닭가슴살|팽창,0.7907587780025107,HIGH,2.1338380114935087,0.6289145863606244,0.1720420200191271,1.0,0.3402069087198858,False,증가율2.1x; 큰진폭1.00
64,논산1공장|파스타소스|기타변질,0.7905809799917497,HIGH,2.1891197013416535,0.5380807975010937,0.1583644028275401,1.0,0.37267799624996495,False,증가율2.2x; 큰진폭1.00
65,공주공장|된장가정용|변화,0.7876259764573883,HIGH,1.9297686024198064,0.6497922387832431,0.2362336227420239,1.0,0.4166666666666666,False,증가율1.9x; 큰진폭1.00
66,진천)두부|순두부|포장불량,0.7867039928795172,LOW_CONF,2.3652855411367635,0.0,0.0,1.0,0.8182344232608222,False,증가율2.4x; 큰진폭1.00; 변곡위험0.82; 낮은신뢰도0.00
67,부산공장|백미|팽창,0.785614190639905,HIGH,1.9182202360164515,0.6665647812138227,0.33911178497193556,1.0,0.251259453814803,False,증가율1.9x; 큰진폭1.00
68,진천BC|볶음밥|합성수지류,0.7852514436386155,HIGH,1.8423983930312764,0.7885408574032509,0.3890285003789542,1.0,0.15891043154093204,False,증가율1.8x; 큰진폭1.00
69,부산공장|일반국밥|기타변질,0.7834406513172412,HIGH,2.0998134381465032,0.5211466942155916,0.27533777295376266,1.0,0.2635231383473649,False,증가율2.1x; 큰진폭1.00
70,진천BC|죽(용기)|기타이물류,0.7818864310476035,HIGH,1.7430401609157855,0.5,0.18524590398324436,1.0,0.7635231383473648,False,증가율1.7x; 큰진폭1.00; 변곡위험0.76
71,진천BC|백미|향(냄새),0.7814030013638311,HIGH,1.987387546185484,0.7531693425857617,0.24005024148659393,1.0,0.2446750914644598,False,증가율2.0x; 큰진폭1.00
72,진천BC|비엔나|합성수지류,0.7795565097035705,HIGH,1.2216648320903813,0.819339125609309,0.2926235839803498,1.0,0.8726779962499649,False,큰진폭1.00; 변곡위험0.87
73,푸드웨어|비비고 수제만두|합성수지류,0.776899552220829,HIGH,1.8259081896011544,0.7786096188566529,0.23946101065504796,1.0,0.3654408413779288,False,증가율1.8x; 큰진폭1.00
74,부산공장|백미|미생물,0.7755114906191862,HIGH,2.086806146116717,0.4915078560567814,0.2981065197358027,1.0,0.22496063533292376,False,증가율2.1x; 큰진폭1.00
75,인천냉동식품|비비고 왕교자|기타,0.7747623553700247,HIGH,1.6997071783843065,0.5962072927180468,0.4484392128014596,1.0,0.3042903097250923,True,증가율1.7x; 큰진폭1.00
76,교동(HMR)_1공장|일반 국물|벌레류,0.7721935638327734,HIGH,1.5442966509057365,0.8117873070434509,0.44799980849201815,1.0,0.2858309752375148,True,증가율1.5x; 큰진폭1.00
77,진천BC|백미|토사류,0.7690171781979862,HIGH,1.926813151567635,0.6908732534177286,0.15563408846155488,1.0,0.4166666666666666,False,증가율1.9x; 큰진폭1.00
78,진천BC|완자류|변화,0.7668640570867488,HIGH,2.0239939347937916,0.8186530545785542,0.0796508896504867,1.0,0.3268602252303067,False,증가율2.0x; 큰진폭1.00
79,교동(HMR)_1공장|일반 국물|기타변질,0.7658722504601716,HIGH,1.8492079653221947,0.6562249329424357,0.3663599979404896,1.0,0.18844459036110228,False,증가율1.8x; 큰진폭1.00
80,씨푸드_성남|냉장 생선구이|기타,0.7641408314574847,HIGH,1.8222826765946478,0.5281662533766873,0.17881349217981973,1.0,0.5840765523905305,False,증가율1.8x; 큰진폭1.00; 변곡위험0.58
81,진천)육가공|미트편의식|기타이물류,0.7639637983771763,HIGH,2.335813826052688,0.5,0.06365468499055253,1.0,0.2635231383473649,False,증가율2.3x; 큰진폭1.00
82,공주공장|된장가정용|기타,0.7610183126031338,LOW_CONF,2.8913075423053547,0.0,0.10918934714020961,1.0,0.0,False,증가율2.9x; 큰진폭1.00; 낮은신뢰도0.00
83,진천BC|백미|변화,0.7607532954839709,HIGH,1.45333156126136,0.3674736961168731,0.65401504132305,1.0,0.3438070820862644,True,강한계절성0.65; 큰진폭1.00
84,진천BC|프리미엄피자(BC)|합성수지류,0.7604327330967146,LOW_CONF,2.317680171565171,0.0,0.15632232927893444,1.0,0.5,False,증가율2.3x; 큰진폭1.00; 변곡위험0.50; 낮은신뢰도0.00
85,진천BC|치킨|색상,0.7599372885413942,HIGH,1.6968881217967382,0.6708064415032173,0.042575009696869955,1.0,0.7858309752375148,False,증가율1.7x; 큰진폭1.00; 변곡위험0.79
86,논산1공장|프리미엄 국물|벌레류,0.758856544953328,HIGH,1.4245395986735838,0.976086349881054,0.31400779801039896,1.0,0.4166666666666666,False,큰진폭1.00
87,인천2)유|고소함가득참기름|편의,0.7581565409206363,HIGH,1.9653145350061227,0.5,0.1892010019535947,1.0,0.4166666666666666,False,증가율2.0x; 큰진폭1.00
88,공주공장|쌈장가정용|변화,0.7530612025554826,LOW_CONF,1.9146765985937755,0.0,0.4559751650113139,1.0,0.4166666666666666,True,증가율1.9x; 큰진폭1.00; 낮은신뢰도0.00
89,삼해상사(김포)|국판삼해김|포장불량,0.7520269657057219,HIGH,1.381093296942049,0.8720191243207451,0.4582768783521587,1.0,0.2876118708177639,True,큰진폭1.00
90,진천)육가공|베이컨|기타,0.7505986991200952,LOW_CONF,2.3973992288971187,0.0,0.22804741890399471,1.0,0.2635231383473649,False,증가율2.4x; 큰진폭1.00; 낮은신뢰도0.00
91,진천)육가공|더건강한 닭가슴살|합성수지류,0.7495445229628228,HIGH,2.027136677153352,0.6046886074477984,0.20582409916105335,1.0,0.20833333333333334,False,증가율2.0x; 큰진폭1.00
92,진천BC|B2B패티류|동물성이물,0.7480531191734235,LOW_CONF,2.213064127345695,0.0,0.18480097901428172,1.0,0.5,False,증가율2.2x; 큰진폭1.00; 변곡위험0.50; 낮은신뢰도0.00
93,진천)육가공|후랑크|기타이물류,0.7461368680562912,HIGH,2.2445517456536783,0.5,0.05441606496020254,1.0,0.2795084971874737,False,증가율2.2x; 큰진폭1.00
94,뚜또|과일젤리|곰팡이,0.7423136804909581,HIGH,1.8694557939085263,0.6286986094932651,0.1869211618042864,1.0,0.3402069087198858,False,증가율1.9x; 큰진폭1.00
95,꿈꾸는콩|수입콩두부|포장불량,0.74098414304041,LOW_CONF,2.293627155649718,0.14851336560455908,0.13980108441935182,1.0,0.3402069087198858,False,증가율2.3x; 큰진폭1.00; 낮은신뢰도0.15
96,진천BC|더건강한 닭가슴살|팽창,0.7369134935363313,HIGH,2.178872226417213,0.37635158914770817,0.1517966372081109,1.0,0.24573659359149516,False,증가율2.2x; 큰진폭1.00
97,진천)육가공|B2C 스팸단품|공정이물류,0.7332156426640825,HIGH,1.6758000755854858,0.649574283306214,0.353369567105924,1.0,0.2230430745963795,False,증가율1.7x; 큰진폭1.00
98,논산1공장|고추장가정용|맛,0.7320630324731037,HIGH,1.7249152671621206,0.7711950829267235,0.12689127756112564,1.0,0.4166666666666666,False,증가율1.7x; 큰진폭1.00
99,신라에스지|미니소시지|곰팡이,0.731726593968007,HIGH,1.512910509809155,0.5619664155425395,0.5046646240825896,1.0,0.21725071225009038,True,증가율1.5x; 큰진폭1.00
100,우양냉동(장항)|핫도그|포장불량,0.7316505600217206,HIGH,2.3295987976381634,0.20208811856150477,0.18512289158834064,1.0,0.1494035761667992,False,증가율2.3x; 큰진폭1.00
101,양산공장|고급밀가루|벌레류,0.7286947803554786,HIGH,1.993212581277799,0.5,0.17449212143481924,1.0,0.2635231383473649,False,증가율2.0x; 큰진폭1.00
102,남원공장|우동|기타변질,0.7255277469056802,HIGH,1.7606817772360035,0.9373687811046192,0.100271488744379,1.0,0.2635231383473649,False,증가율1.8x; 큰진폭1.00
103,씨푸드_성남|삼호부산|공정이물류,0.7243932247793695,HIGH,1.8748599756028175,0.46659820811201624,0.20872062654632495,1.0,0.33407655239053047,False,증가율1.9x; 큰진폭1.00
104,진천BC|볶음밥|기타이물류,0.7227635178200131,HIGH,1.7505058278246879,0.6327722941758005,0.14804391598457403,1.0,0.4166666666666666,False,증가율1.8x; 큰진폭1.00
105,남원공장|(냉동)중화면|합성수지류,0.7220885683117109,HIGH,1.7594689749013308,0.4832958215732812,0.31665257475326525,1.0,0.2635231383473649,False,증가율1.8x; 큰진폭1.00
106,씨푸드_성남|냉장 생선구이|향(냄새),0.7212084579499566,HIGH,1.5418644796865542,0.7857167929986334,0.042128126083622805,1.0,0.6616980261888193,False,증가율1.5x; 큰진폭1.00; 변곡위험0.66
107,공주공장|된장가정용|포장불량,0.7209794555287723,HIGH,1.7805720020363929,0.6672728026904196,0.1731975708807669,1.0,0.3140743172685037,False,증가율1.8x; 큰진폭1.00
108,진천BC|치킨|인체이물류,0.7198231267928742,HIGH,2.0933358805990028,0.6594228669521169,0.04133855661925405,1.0,0.19920476822239894,False,증가율2.1x; 큰진폭1.00
109,진천BC|까스류|합성수지류,0.7190247309634639,HIGH,1.333303057756062,0.6109764908973196,0.20239215259217827,1.0,0.7499999999999999,False,큰진폭1.00; 변곡위험0.75
110,논산1공장|일반 국물|인체이물류,0.7189387036920234,HIGH,1.838718956368566,0.5168497158403514,0.18950714854717118,1.0,0.33407655239053047,False,증가율1.8x; 큰진폭1.00
111,진천BC|백미|제품,0.7188127564142732,HIGH,1.8516988018325846,0.6369858972769598,0.16740161262246459,1.0,0.2635231383473649,False,증가율1.9x; 큰진폭1.00
112,논산1공장|가정용다담|부주의,0.7183369730172684,HIGH,1.560841059160108,0.9542639391360119,0.09898612327170561,1.0,0.4166666666666666,False,증가율1.6x; 큰진폭1.00
113,진천BC|비엔나|인체이물류,0.7180872290716469,HIGH,1.7981962570184127,0.7309774498725978,0.15365577505867226,1.0,0.2635231383473649,False,증가율1.8x; 큰진폭1.00
114,한우물 영농조합|주먹밥|곰팡이,0.7178802639443522,LOW_CONF,2.1514516479378205,0.0,0.12529978118929358,1.0,0.5,False,증가율2.2x; 큰진폭1.00; 변곡위험0.50; 낮은신뢰도0.00
115,진천)육가공|베이컨|변색,0.7144882822542202,HIGH,1.691909216387727,0.3084581724577551,0.14049598345263678,1.0,0.6884445903611023,False,증가율1.7x; 큰진폭1.00; 변곡위험0.69
116,씨푸드_성남|삼호어묵|기타이물류,0.7143013958545708,HIGH,1.875424836872713,0.5477377146832187,0.0790747931473733,1.0,0.4166666666666667,False,증가율1.9x; 큰진폭1.00
117,한국농협김치_화성|비비고별미김치|기타,0.7123828807082694,HIGH,1.8550227424300654,0.6250040736583351,0.17694726951589537,1.0,0.22271770159368698,False,증가율1.9x; 큰진폭1.00
118,청수|콩나물|기타변질,0.7099558914777822,HIGH,1.9660550612434853,0.5,0.11947726597196744,1.0,0.2795084971874737,False,증가율2.0x; 큰진폭1.00
119,논산1공장|고추장가정용|곰팡이,0.7091580447413024,HIGH,1.440158204717364,0.8057650701903974,0.22309436645312253,1.0,0.4166666666666666,False,큰진폭1.00
120,남원공장|냉면|중량수량미달,0.7083588755549807,HIGH,1.6729826539239046,0.2278450629836274,0.4004704695940376,1.0,0.34722222222222215,True,증가율1.7x; 큰진폭1.00
121,진천)B2B|일반 국물|기타변질,0.7067033610416824,HIGH,1.9877169542045396,0.5008693148931871,0.10441648432441132,1.0,0.2635231383473649,False,증가율2.0x; 큰진폭1.00
122,공주공장|된장가정용|색상,0.7058076806008997,HIGH,1.5523818555960822,0.5,0.05875560604070085,1.0,0.7635231383473648,False,증가율1.6x; 큰진폭1.00; 변곡위험0.76
123,진천)육가공|슬라이스|기타이물류,0.7048911748561312,HIGH,1.8344802195032888,0.5522263532307115,0.12373265408963201,1.0,0.3402069087198858,False,증가율1.8x; 큰진폭1.00
124,부산공장|백미|기타변질,0.7044111627832815,HIGH,0.9483131009462593,0.575548294593856,0.5995189593345502,1.0,0.4928030530229312,True,큰진폭1.00
125,두메|하선정찬류|기타,0.7041385936588965,HIGH,1.2251088553038658,0.9753383944748657,0.033704785858068145,1.0,0.7635231383473648,False,큰진폭1.00; 변곡위험0.76
126,상신(2공장_튀김)|까스류|동물성이물,0.7024058022892051,HIGH,1.6133553539929166,0.5769677064813867,0.3016164928298022,1.0,0.26352313834736496,False,증가율1.6x; 큰진폭1.00
127,뚜또|과일젤리|제품,0.700190909145642,LOW_CONF,2.3330758938252925,0.0,0.10290367570370133,1.0,0.2635231383473649,False,증가율2.3x; 큰진폭1.00; 낮은신뢰도0.00
128,씨푸드_성남|삼호부산|포장불량,0.69994238176555,MEDIUM,1.9135234270242298,0.6533513431961602,0.13687728796776485,1.0,0.14085904245475275,False,증가율1.9x; 큰진폭1.00
129,소디프|냉장스낵|인체이물류,0.699270210909599,MEDIUM,1.207780753149502,0.7502698563788388,0.16876680501378447,1.0,0.722717701593687,False,큰진폭1.00; 변곡위험0.72
130,삼해상사(김포)|국판삼해김|성분,0.6987714854952509,MEDIUM,1.7174864100569787,0.6249995751310982,0.19606546514905868,1.0,0.2635231383473649,False,증가율1.7x; 큰진폭1.00
131,진천BC|적전류|인체이물류,0.6981630195326067,MEDIUM,1.3741365499522793,0.5980790823527531,0.33430171285301535,1.0,0.4166666666666666,False,큰진폭1.00
132,부산공장|프리미엄덮밥|합성수지류,0.6981469465963641,MEDIUM,1.2068109064665231,0.5953457312403078,0.43843711698482385,1.0,0.4297588526078306,True,큰진폭1.00
133,진천)두부|국산콩두부|기타,0.6972162777343893,MEDIUM,1.8612370168006322,0.6248480852357596,0.09512344639808668,1.0,0.2635231383473649,False,증가율1.9x; 큰진폭1.00
134,진천BC|비엔나|동물성이물,0.6950725021132832,MEDIUM,1.4342913503161678,0.652233469502541,0.34404338859055167,1.0,0.2858309752375147,False,큰진폭1.00
135,진천BC|비비고썰은김치|기타이물류,0.6929013235014589,LOW_CONF,1.4619544061043128,0.0,0.16836814093532132,1.0,1.0,False,큰진폭1.00; 변곡위험1.00; 낮은신뢰도0.00
136,남원공장|(냉동)중화면|제품,0.6927906017033457,MEDIUM,1.78063556134289,0.7356843119975205,0.15293937220876783,1.0,0.15214515486254615,False,증가율1.8x; 큰진폭1.00
137,진천)육가공|슬라이스|포장불량,0.6925953732336405,MEDIUM,1.883074433188923,0.5901472861337285,0.15920900043323896,1.0,0.14847846772912465,False,증가율1.9x; 큰진폭1.00
138,남원공장|냉면|제품,0.6903951722343626,MEDIUM,1.374938778665168,0.5166332542973404,0.3995701553758365,1.0,0.3402069087198858,False,큰진폭1.00
139,논산1공장|프리미엄 국물 사골|벌레류,0.689324321253792,MEDIUM,1.520365440770523,0.8333321606915705,0.11905269915319593,1.0,0.37267799624996495,False,증가율1.5x; 큰진폭1.00
140,진천BC|파우치 죽(일반)|팽창,0.6891055272471571,LOW_CONF,2.0000000033451655,0.0,0.1303517552604133,1.0,0.5,False,증가율2.0x; 큰진폭1.00; 변곡위험0.50; 낮은신뢰도0.00
141,부산공장|잡곡|합성수지류,0.6877359934539199,MEDIUM,1.4681807396365365,0.54215617449414,0.3374355795427506,1.0,0.30772872744833185,False,큰진폭1.00
142,인천1)당|국판당 소물|기타이물류,0.6870232658198796,LOW_CONF,2.5822919777791458,0.0,0.06854956754683486,1.0,0.0,False,증가율2.6x; 큰진폭1.00; 낮은신뢰도0.00
143,공주공장|된장가정용|맛,0.6869656697227122,LOW_CONF,2.452287063562206,0.0,0.15502752336757,1.0,0.0,False,증가율2.5x; 큰진폭1.00; 낮은신뢰도0.00
144,교동(HMR)_1공장|일반 국물|팽창,0.6861486886304422,MEDIUM,1.452289338125336,0.9298236600370692,0.07627979555493809,1.0,0.4166666666666666,False,큰진폭1.00
145,진천BC|백미|벌레류,0.6850584417847,MEDIUM,1.0468506645659599,0.5760869461358646,0.5651786602442956,1.0,0.34860834438919813,True,큰진폭1.00
146,인천냉동식품|비비고 수제만두|기타변질,0.6817240600202269,MEDIUM,1.7666400973691174,0.5,0.2268023382902532,1.0,0.17677669529663687,False,증가율1.8x; 큰진폭1.00
147,소디프|냉장스낵|기타변질,0.6778010707463575,MEDIUM,1.8730685453975733,0.5,0.08494244665789938,1.0,0.2635231383473649,False,증가율1.9x; 큰진폭1.00
148,동방푸드마스타(HMR)|일반 국물|기타변질,0.6773266209408529,MEDIUM,1.2119208231907408,0.5,0.08869707656457126,1.0,0.9166666666666665,False,큰진폭1.00; 변곡위험0.92
149,탕산율원식품|맛간식|성분,0.6771421549044111,MEDIUM,1.2085755740415038,0.8129839090016169,0.31812690667296895,1.0,0.3402069087198858,False,큰진폭1.00
150,삼해상사(김포)|국판삼해김|식감,0.6767592582473404,MEDIUM,1.2784500434983521,0.6652449801823506,0.10141658122176342,1.0,0.7042876407689417,False,큰진폭1.00; 변곡위험0.70
151,동화식품|수입콩두부|기타변질,0.6756802750562658,LOW_CONF,2.4062725705679844,0.0,0.14808586980889651,1.0,0.0,False,증가율2.4x; 큰진폭1.00; 낮은신뢰도0.00
152,논산1공장|가정용다담|곰팡이,0.674301132918909,MEDIUM,1.586240370417227,0.5000003662726191,0.21337207383531218,1.0,0.3402069087198858,False,증가율1.6x; 큰진폭1.00
153,푸드웨어|손만두|금속류,0.6741388711216396,MEDIUM,1.6088629189141015,0.8181621424502458,0.08979112767269815,1.0,0.2635231383473649,False,증가율1.6x; 큰진폭1.00
154,씨푸드_성남|삼호어묵|공정이물류,0.673170738824312,MEDIUM,1.7120093620667614,0.5194078794663861,0.1999434606845818,1.0,0.21437323142813602,False,증가율1.7x; 큰진폭1.00
155,진천BC|백미|식물성이물,0.6730785886309824,MEDIUM,1.5161287669835062,0.7801110974876966,0.1943087676412974,1.0,0.22271770159368698,False,증가율1.5x; 큰진폭1.00
156,진천BC|중식프라잉|포장불량,0.6723260319475783,MEDIUM,1.2504358477681927,0.9994979156291177,0.1299361390541292,1.0,0.4166666666666666,False,큰진폭1.00
157,논산1공장|고추장가정용|기타,0.6721242127806254,LOW_CONF,1.78652988604323,0.0,0.21606078523993152,1.0,0.5,False,증가율1.8x; 큰진폭1.00; 변곡위험0.50; 낮은신뢰도0.00
158,남원공장|(냉동)중화면|벌레류,0.6716611812097557,MEDIUM,1.3593525150469135,0.6718028005440925,0.29387398724580244,1.0,0.3042903097250923,False,큰진폭1.00
159,탕산율원식품|맛간식|곰팡이,0.6712407602711467,MEDIUM,0.8688330873065176,0.8517930546065481,0.5730341335416462,1.0,0.23897472278183518,True,큰진폭1.00
160,진천BC|비비고별미김치|맛,0.6692938287224613,MEDIUM,1.664283697837736,0.6454295175846123,0.09953743683500865,1.0,0.2988071523335984,False,증가율1.7x; 큰진폭1.00
161,동방푸드마스타(김치)|비비고별미김치|인체이물류,0.6689383736173535,MEDIUM,1.5002138267347636,0.99961040360068,0.054164733536086467,1.0,0.2635231383473649,False,증가율1.5x; 큰진폭1.00
162,푸드웨어|비비고 수제만두|인체이물류,0.6678965446683639,MEDIUM,1.1367468277444939,0.5,0.23301210886900428,1.0,0.7282177322938193,False,큰진폭1.00; 변곡위험0.73
163,진천BC|더건강한 닭가슴살|공정이물류,0.6673567660005274,MEDIUM,1.5648431476158724,0.5826810042352439,0.16723558454653417,1.0,0.33407655239053047,False,증가율1.6x; 큰진폭1.00
164,진천)육가공|베이컨|동물성이물,0.6670191481056816,MEDIUM,1.3395977476581675,0.755052321510417,0.32364179144293076,1.0,0.19374606457303215,False,큰진폭1.00
165,신라에스지|미니소시지|동물성이물,0.6664405902214697,MEDIUM,1.0746268659559681,0.7936234126616212,0.48260929019604176,1.0,0.18844459036110225,True,큰진폭1.00
166,부산공장|잡곡|변화,0.6644585335292381,MEDIUM,1.1638937459181915,0.5130080455176772,0.5695890828789404,1.0,0.1692592632713307,True,큰진폭1.00
167,진천BC|비엔나|기타이물류,0.6643524473174508,MEDIUM,1.4279436372794467,0.5342795698440026,0.24695395044989366,1.0,0.37267799624996495,False,큰진폭1.00
168,인천냉동식품|비비고 왕교자|벌레류,0.6643231170026883,LOW_CONF,1.5471763456329373,0.17305694733652177,0.47661682680381007,1.0,0.17972128867239737,True,증가율1.5x; 큰진폭1.00; 낮은신뢰도0.17
169,진천BC|양식반찬|합성수지류,0.6616689784441656,MEDIUM,1.4110606707858244,0.93354438593824,0.12240186242263941,1.0,0.2635231383473649,False,큰진폭1.00
170,동방푸드마스타(소스드레싱)|파스타소스|곰팡이,0.6614328499966972,MEDIUM,1.7592037425071299,0.6231071455495559,0.03408110075114348,1.0,0.2795084971874737,False,증가율1.8x; 큰진폭1.00
171,인천냉동식품|비비고 왕교자|변화,0.6599672101810219,MEDIUM,1.414861605493877,0.38007277158119057,0.3398086386703026,1.0,0.3402069087198858,False,큰진폭1.00
172,에스앤푸드|수입콩두부|기타이물류,0.6591313990977696,MEDIUM,1.735947514720547,0.5,0.11412422828062371,1.0,0.2635231383473649,False,증가율1.7x; 큰진폭1.00
173,씨푸드_성남|삼호간편식|기타변질,0.6581795675861398,MEDIUM,1.77791922379587,0.4858283537852901,0.09776381644530996,1.0,0.2519616241278967,False,증가율1.8x; 큰진폭1.00
174,부산공장|일반국밥|인체이물류,0.6572405383262749,MEDIUM,1.4340966093177319,0.7024279373543842,0.23504495180277818,1.0,0.22271770159368698,False,큰진폭1.00
175,인천냉동식품|비비고 왕교자|합성수지류,0.6563484845078128,MEDIUM,1.2585335029607898,0.29405977459386423,0.701776059088584,1.0,0.0,True,강한계절성0.70; 큰진폭1.00
176,씨푸드_성남|냉장 생선구이|동물성이물,0.6533532438023952,MEDIUM,0.8671425468578002,0.6673108692905421,0.26609368012417955,1.0,0.7499999999999999,False,큰진폭1.00; 변곡위험0.75
177,논산1공장|일반 국물|기타변질,0.6531883866167031,MEDIUM,1.207073250538861,0.479347651697839,0.43004508936412195,1.0,0.3042903097250923,True,큰진폭1.00
178,삼해상사(김포)|국판삼해김|기타이물류,0.6526519786506784,MEDIUM,1.118206032364471,0.7874247410619287,0.412097537978328,1.0,0.18633899812498247,True,큰진폭1.00
179,진천BC|양식반찬|동물성이물,0.6514576984790108,MEDIUM,1.4310951090042396,0.6730513908294866,0.23566534896566346,1.0,0.21790681682020444,False,큰진폭1.00
180,부산공장|일반국밥|벌레류,0.6510521803104776,MEDIUM,1.5358632550852527,0.5,0.11848731986697891,1.0,0.4166666666666666,False,증가율1.5x; 큰진폭1.00
181,진천BC|더건강한 닭가슴살|동물성이물,0.650756826210241,MEDIUM,1.1783700145349312,0.7819601602338362,0.269107164569702,1.0,0.33528324948634364,False,큰진폭1.00
182,푸드웨어|비비고 수제만두|동물성이물,0.6497769038955598,MEDIUM,1.6162309672240835,0.6037896406576726,0.08368067469024569,1.0,0.3042903097250923,False,증가율1.6x; 큰진폭1.00
183,진천BC|비엔나|기타,0.647647027842583,MEDIUM,1.4845535133567036,0.5942558644773119,0.22907766404672755,1.0,0.21437323142813602,False,큰진폭1.00
184,남원공장|군만두|합성수지류,0.6469258198619925,LOW_CONF,1.875773596253443,0.0,0.07257033537101286,1.0,0.5,False,증가율1.9x; 큰진폭1.00; 변곡위험0.50; 낮은신뢰도0.00
185,부산공장|잡곡|포장불량,0.6467689718991807,MEDIUM,1.2338612005289704,0.5448783557174336,0.3515003832735694,1.0,0.3140743172685037,False,큰진폭1.00
186,진천)두부|연두부류|기타변질,0.6461381470340933,MEDIUM,1.0004579270914002,0.7509573787966087,0.4149246323248103,1.0,0.29462782549439476,True,큰진폭1.00
187,부산공장|잡곡|향(냄새),0.6441111939530715,LOW_CONF,1.307409560464945,0.0,0.1451406707420257,1.0,0.945435403187374,False,큰진폭1.00; 변곡위험0.95; 낮은신뢰도0.00
188,부산공장|파우치 죽(일반)|기타변질,0.6440067534859608,MEDIUM,1.618411039289322,0.7468174532397145,0.0701137600571422,1.0,0.18633899812498247,False,증가율1.6x; 큰진폭1.00
189,남원공장|(냉동)칼국수|제품,0.6437062151854627,MEDIUM,1.8279126395137333,0.24580946546886917,0.1284921326430418,1.0,0.2635231383473649,False,증가율1.8x; 큰진폭1.00
190,진천)두부|국산콩두부|성분,0.6435467213822557,MEDIUM,1.3806115754591815,0.6535589583589689,0.14670908797377694,1.0,0.3768891807222045,False,큰진폭1.00
191,교동(HMR)_1공장|일반 국물|기타이물류,0.6432375713494862,MEDIUM,0.8031916486637843,0.6584066938561572,0.21932285264776202,1.0,0.8402069087198858,False,큰진폭1.00; 변곡위험0.84
192,남원공장|우동|합성수지류,0.6431517474237024,MEDIUM,1.4287195948992504,0.5265408983090406,0.24174998086667154,1.0,0.2795084971874737,False,큰진폭1.00
193,부산공장|백미|인체이물류,0.6423531318853352,MEDIUM,0.9928685948887607,0.722659401965051,0.548967851325887,1.0,0.103450736075296,True,큰진폭1.00
194,논산1공장|프리미엄 국물|기타,0.6418816324046597,MEDIUM,1.3603884693987518,0.635145782729263,0.13732912594062185,1.0,0.4166666666666666,False,큰진폭1.00
195,참프레(HMR)|일반 국물|기타변질,0.6413674978664474,MEDIUM,1.4582014765762064,0.6666976815957096,0.25035347447458334,1.0,0.12308253984737316,False,큰진폭1.00
196,꿈꾸는콩|수입콩두부|성분,0.6396581793968069,MEDIUM,0.9309500342797769,0.8503464756535293,0.181528191278145,1.0,0.6072887190468934,False,큰진폭1.00; 변곡위험0.61
197,부산공장|잡곡|기타변질,0.6388573300104102,MEDIUM,0.8167442932933597,0.7279394990939181,0.4942538824789115,1.0,0.3402069087198858,True,큰진폭1.00
198,두메|하선정찬류|식감,0.6386397431376568,MEDIUM,1.4515769247359804,0.7448124349710048,0.08581476999930536,1.0,0.3042903097250923,False,큰진폭1.00
199,부산공장|일반덮밥|곰팡이,0.6370313193561711,MEDIUM,0.7567034714794806,0.8177855084354984,0.5195220124914907,1.0,0.2858309752375147,True,큰진폭1.00
200,씨푸드_성남|냉장 생선구이|인체이물류,0.6357692063603315,MEDIUM,1.467645483860383,0.5145613361055379,0.20783760500983753,1.0,0.2635231383473649,False,큰진폭1.00
201,씨푸드_이천|국판 씨푸드김|합성수지류,0.6355005925375525,MEDIUM,1.3218498213362302,0.635493591803691,0.2014484815123049,1.0,0.3268602252303067,False,큰진폭1.00
202,진천BC|비비고별미김치|인체이물류,0.6353247526716616,MEDIUM,1.1738005031565357,0.6250000285568531,0.3175630075572001,1.0,0.30772872744833185,False,큰진폭1.00
203,신라에스지|미니소시지|기타이물류,0.6341719653971352,MEDIUM,1.2382946321307984,0.786587433534371,0.2194009875711565,1.0,0.2635231383473649,False,큰진폭1.00
204,남원공장|냉면|기타변질,0.6338814676012676,MEDIUM,1.5871582567421136,0.5008708700453285,0.1287151935885751,1.0,0.2635231383473649,False,증가율1.6x; 큰진폭1.00
205,진천BC|비비고썰은김치|인체이물류,0.6333267906359696,MEDIUM,1.0363931453443656,0.7535632526078503,0.3795545165254,1.0,0.24573659359149522,False,큰진폭1.00
206,진천BC|백미|합성수지류,0.6331356940647527,MEDIUM,0.8790017079919636,0.741152374678988,0.4633210040566957,1.0,0.2858309752375147,True,큰진폭1.00
207,씨푸드_이천|국판 씨푸드김|성분,0.6331158525058196,MEDIUM,1.6522293731591695,0.25106973365048346,0.10558728164359915,1.0,0.4166666666666666,False,증가율1.7x; 큰진폭1.00
208,부산공장|잡곡|기타,0.6323125824484835,LOW_CONF,1.6940144084289666,0.0402696144626985,0.21826741042724018,1.0,0.3599451773255667,False,증가율1.7x; 큰진폭1.00; 낮은신뢰도0.04
209,한국농협김치_북파주|비비고썰은김치|변화,0.6311524229982147,MEDIUM,1.4027004537218029,0.6426637381481214,0.14451569862205846,1.0,0.3042903097250923,False,큰진폭1.00
210,진천BC|백미|기타이물류,0.6310759390400242,MEDIUM,1.0957339538891595,0.4132352433982571,0.5371211182237902,1.0,0.19403763142658323,True,큰진폭1.00
211,인천냉동식품|비비고 왕교자|포장오류,0.6298343246525414,MEDIUM,1.2966862772392846,0.500265735120689,0.08248843605975469,1.0,0.6035533905932737,False,큰진폭1.00; 변곡위험0.60
212,부산공장|파우치 죽(일반)|식물성이물,0.6297073553916536,MEDIUM,1.2659921451931841,0.5350806497395736,0.1451406707420257,1.0,0.5135231383473648,False,큰진폭1.00; 변곡위험0.51
213,진천BC|사각햄|포장불량,0.6294614887630866,LOW_CONF,2.1288516179157733,0.0,0.17897055059977315,1.0,0.0,False,증가율2.1x; 큰진폭1.00; 낮은신뢰도0.00
214,우양냉동(장항)|핫도그|중량수량미달,0.629129904384056,MEDIUM,1.1788475254138038,0.6538523316234364,0.14192640629435635,1.0,0.5135231383473648,False,큰진폭1.00; 변곡위험0.51
215,진천BC|중식프라잉|공정이물류,0.6290775067458492,MEDIUM,1.0786384489447223,0.9977695151994657,0.203265873358373,1.0,0.2635231383473649,False,큰진폭1.00
216,인천냉동식품|비비고 왕교자|금속류,0.6288633671938363,LOW_CONF,1.5399542449159156,0.0,0.4895872435187179,1.0,0.1199817257751889,True,증가율1.5x; 큰진폭1.00; 낮은신뢰도0.00
217,남원공장|냉면|성분,0.6268264964934326,MEDIUM,1.3173590032395317,0.6739535515032739,0.1514878421397635,1.0,0.33407655239053047,False,큰진폭1.00
218,부산공장|백미|곰팡이,0.626459711105144,MEDIUM,0.6541602018375724,0.7301260974657069,0.6925489434259156,0.8782099827882961,0.2330628783587717,True,강한계절성0.69; 큰진폭0.88
219,부산공장|BIG컵반(컵)|기타변질,0.6259238713967817,LOW_CONF,1.9969371272407206,0.0,0.2551214864954585,1.0,0.0,False,증가율2.0x; 큰진폭1.00; 낮은신뢰도0.00
220,부산공장|백미|변색,0.6257067106666725,MEDIUM,1.2481222474183913,0.5628948322594822,0.33012956765665263,1.0,0.21304583023538068,False,큰진폭1.00
221,논산1공장|프리미엄 국물|포장불량,0.6245551037107187,LOW_CONF,2.1646367258495887,0.0,0.13875919513600307,1.0,0.0,False,증가율2.2x; 큰진폭1.00; 낮은신뢰도0.00
222,더큰정성|숙주|기타,0.6242013629296606,MEDIUM,1.5698252905065149,0.5000226701594863,0.06450706572531117,1.0,0.3294039229342062,False,증가율1.6x; 큰진폭1.00
223,공주공장|쌈장가정용|포장불량,0.6241058080903399,LOW_CONF,2.113978172753664,0.0,0.17103391179868999,1.0,0.0,False,증가율2.1x; 큰진폭1.00; 낮은신뢰도0.00
224,진천BC|비비고별미김치|기타변질,0.6234950028348669,MEDIUM,1.5143019347305864,0.566230758635832,0.10998458141300624,1.0,0.2635231383473649,False,증가율1.5x; 큰진폭1.00
225,진천BC|파우치 죽(일반)|기타변질,0.622328697310897,MEDIUM,1.1576767865494333,0.7669305255884679,0.3102257954656986,1.0,0.16343011261515336,False,큰진폭1.00
226,진천BC|비비고포기김치|맛,0.6221894809064004,MEDIUM,0.9429249175844169,0.6634751148260779,0.19505910179119884,1.0,0.6278274981412284,False,큰진폭1.00; 변곡위험0.63
227,우양냉동(장항)|핫도그|합성수지류,0.6215126223992613,MEDIUM,1.353096056515323,0.7504306906629021,0.11874726609096117,1.0,0.2635231383473649,False,큰진폭1.00
228,부산공장|잡곡|금속류,0.6211208576508895,MEDIUM,0.8939821957882502,0.7274789500713967,0.09100292181678399,1.0,0.7795084971874737,False,큰진폭1.00; 변곡위험0.78
229,진천)육가공|김밥햄|포장불량,0.620757796649456,MEDIUM,1.0774454159471234,0.7051306377144415,0.2954701861928222,1.0,0.3042903097250923,False,큰진폭1.00
230,삼해상사(부안1)|국판삼해김|합성수지류,0.6194101393630105,MEDIUM,1.6100920477350078,0.2322829780883987,0.16578139883016105,1.0,0.3140743172685038,False,증가율1.6x; 큰진폭1.00
231,상신(2공장_튀김)|까스류|합성수지류,0.6188616243927759,MEDIUM,0.9387267406472951,0.6548140045925319,0.12783545085233242,1.0,0.722717701593687,False,큰진폭1.00; 변곡위험0.72
232,인천냉동식품|비비고 왕교자|곰팡이,0.6172939652776732,MEDIUM,1.533194937788671,0.4023036820473488,0.1586826591445458,1.0,0.2635231383473649,False,증가율1.5x; 큰진폭1.00
233,논산1공장|하선정액젓업소용|향(냄새),0.6172829304095806,MEDIUM,1.4154430973826382,0.7163264878871911,0.09912999393942372,1.0,0.23503169784073588,False,큰진폭1.00
234,인천냉동식품|비비고 왕교자|중량수량미달,0.617178027236461,MEDIUM,1.1009815017350817,0.9115218757272556,0.2190330173720628,1.0,0.22271770159368698,False,큰진폭1.00
235,논산1공장|고추장가정용|포장불량,0.6165403606856852,MEDIUM,0.9576402885993085,0.6462641137289824,0.3756688028680495,1.0,0.3268602252303067,False,큰진폭1.00
236,인천냉동식품|물만두|합성수지류,0.6139238425944665,MEDIUM,1.1756161521969253,0.8569253439799555,0.1585239429620505,1.0,0.26352313834736496,False,큰진폭1.00
237,부산공장|일반국밥|곰팡이,0.6138598245710288,MEDIUM,0.5062826960563919,0.8383956083454054,0.5831516601630746,1.0,0.3094922302950864,True,큰진폭1.00
238,진천BC|파우치 죽(일반)|합성수지류,0.6136739292845398,MEDIUM,1.2233976401625062,0.643168108638416,0.21042599288208766,1.0,0.2969569354582493,False,큰진폭1.00
239,논산1공장|고추장가정용|제품,0.6136569315967031,MEDIUM,1.1433429711754124,0.6689356024365869,0.1710488788759975,1.0,0.4166666666666666,False,큰진폭1.00
240,논산1공장|가정용다담|기타변질,0.6129429487749389,MEDIUM,1.2057116633273834,0.6668357517224909,0.12813973339251777,1.0,0.4166666666666666,False,큰진폭1.00
241,뚜또|과일젤리|인체이물류,0.6127468064072501,MEDIUM,1.2956700947707525,0.5831657940578351,0.1749701123075333,1.0,0.3182344232608222,False,큰진폭1.00
242,인천2)유|진한참기름|포장불량,0.6126911261158763,MEDIUM,1.2571856658845808,0.666666681327898,0.14404202998599422,1.0,0.3402069087198858,False,큰진폭1.00
243,부산공장|프리미엄국밥|곰팡이,0.6122020560781456,LOW_CONF,2.172644357935552,0.0,0.09224394830345078,1.0,0.0,False,증가율2.2x; 큰진폭1.00; 낮은신뢰도0.00
244,진천BC|더건강한 닭가슴살|합성수지류,0.6121420197387235,MEDIUM,1.199831073437067,0.8559332820502756,0.08581476999930536,1.0,0.34020690871988585,False,큰진폭1.00
245,진천BC|프리미엄피자(BC)|식물성이물,0.6117260067095138,MEDIUM,1.4581038991096147,0.5,0.14133533072705962,1.0,0.2635231383473649,False,큰진폭1.00
246,하이푸드텍|냉장스낵|포장불량,0.6113035915810766,MEDIUM,0.9389488914201286,0.6455762781973196,0.4218732443014366,1.0,0.25057699138510986,True,큰진폭1.00
247,인천1)당|올리고당 소물|포장불량,0.6102708303677297,MEDIUM,0.8969062138478836,0.5,0.07518751421606518,1.0,0.9166666666666665,False,큰진폭1.00; 변곡위험0.92
248,진천BC|적전류|공정이물류,0.6091990116235849,MEDIUM,1.2482263715811628,0.7942404403771299,0.07458763168935245,1.0,0.3402069087198858,False,큰진폭1.00
249,하이푸드텍|냉장스낵|동물성이물,0.60774458059107,MEDIUM,1.1166708304011426,0.9549948198898761,0.1553921706954089,1.0,0.22271770159368698,False,큰진폭1.00
250,인천1)당|국판당 소물|성분,0.6064649562964772,MEDIUM,0.9301563520142908,0.7144389257386268,0.3394456621165041,1.0,0.30717074198936906,False,큰진폭1.00
251,부산공장|백미|색상,0.6052363684937231,MEDIUM,1.280247590119718,0.6536099134694593,0.1072606868860998,1.0,0.34483578691765326,False,큰진폭1.00
252,인천2)유|올리브유|성분,0.6051158644816432,MEDIUM,1.436716681986242,0.5,0.13355966804973968,1.0,0.2635231383473649,False,큰진폭1.00
253,부산공장|파우치 죽(프리미엄)|기타변질,0.604131706127083,MEDIUM,1.5984619632831454,0.5,0.06193928438888525,1.0,0.2042876407689417,False,증가율1.6x; 큰진폭1.00
254,부산공장|잡곡|벌레류,0.6040554384832257,MEDIUM,0.8551282537162027,0.838288861374055,0.24651041733514545,1.0,0.4166666666666666,False,큰진폭1.00
255,우양냉동(장항)|핫도그|형태,0.604052109949007,MEDIUM,1.2873348079661442,0.6815336123087052,0.13883492946666467,1.0,0.2635231383473649,False,큰진폭1.00
256,진천BC|후랑크|기타변질,0.6028956522317725,MEDIUM,1.6775375539954338,0.5002151233934647,0.05974242757772345,1.0,0.12216572325174452,False,증가율1.7x; 큰진폭1.00
257,뚜또|과일젤리|포장불량,0.6019064790598283,MEDIUM,1.4639157658664927,0.6651955925588195,0.14117765117314093,1.0,0.08495345825382311,False,큰진폭1.00
258,남원공장|냉면|기타이물류,0.601112176170954,MEDIUM,1.2951657731200379,0.6489418609234894,0.09307477310105641,1.0,0.33407655239053047,False,큰진폭1.00
259,진천BC|치킨|동물성이물,0.6002498324653395,MEDIUM,1.0803583933057335,0.7018952531128484,0.35725084566370663,1.0,0.10859306069076735,False,큰진폭1.00
260,남원공장|(냉동)중화면|포장불량,0.5996503997512159,MEDIUM,1.4899103757215906,0.46175553016565796,0.27468331694016374,1.0,0.0,False,큰진폭1.00
261,탕산율원식품|맛간식|기타,0.5994797478437461,MEDIUM,1.231053805573391,0.7409254251129486,0.17793653349173064,1.0,0.19374606457303215,False,큰진폭1.00
262,남원공장|냉면|합성수지류,0.599464659224255,MEDIUM,1.1932142189996955,0.53506055409301,0.15743132992343675,1.0,0.4166666666666666,False,큰진폭1.00
263,진천BC|적전류|동물성이물,0.5978929637640455,LOW_CONF,1.1403722928473226,0.11929072044842892,0.5545281202591711,1.0,0.17783230524782692,True,큰진폭1.00; 낮은신뢰도0.12
264,뚜또|요거젤리|식물성이물,0.597428367909733,MEDIUM,1.0782187851117488,0.7508571278815614,0.2860303153136855,1.0,0.16673473555521698,False,큰진폭1.00
265,한국농협김치_북파주|비비고별미김치|인체이물류,0.5970387020212378,MEDIUM,0.8319061826608096,0.5353660389667461,0.15882643991530312,1.0,0.7635231383473648,False,큰진폭1.00; 변곡위험0.76
266,인천냉동식품|비비고 수제만두|기타,0.5969535248138245,MEDIUM,1.2270942071383046,0.6701868052285891,0.17955403507590653,1.0,0.2357022603955158,False,큰진폭1.00
267,공주공장|쌈장가정용|기타,0.5959163210794932,LOW_CONF,1.5808776696416345,0.0,0.09913595717055453,1.0,0.5,False,증가율1.6x; 큰진폭1.00; 변곡위험0.50; 낮은신뢰도0.00
268,진천BC|일반 국물|포장오류,0.5932760285851768,LOW_CONF,2.1338917068661294,0.0,0.05499229070650312,1.0,0.0,False,증가율2.1x; 큰진폭1.00; 낮은신뢰도0.00
269,논산1공장|일반 국물 사골|기타변질,0.593183103986092,MEDIUM,1.0442190095334656,0.9985378720127752,0.10617997869336496,1.0,0.2635231383473649,False,큰진폭1.00
270,뚜또|과일젤리|식물성이물,0.5929222530273244,MEDIUM,1.1240506255613716,0.5137604323946272,0.25781824421882354,1.0,0.3185129489510449,False,큰진폭1.00
271,진천)육가공|슬라이스|합성수지류,0.5919781433455598,MEDIUM,1.2291571964482602,0.6693232219209894,0.1598442540379743,1.0,0.23897472278183518,False,큰진폭1.00
272,부산공장|프리미엄식초|성분,0.5914536804452655,LOW_CONF,1.6858003162513573,0.0,0.06986761287220201,1.0,0.4166666666666666,False,증가율1.7x; 큰진폭1.00; 낮은신뢰도0.00
273,소디프|냉장스낵|동물성이물,0.5912615504827037,MEDIUM,0.8319461533094333,0.6666809495500231,0.3735177131153759,1.0,0.3140743172685038,False,큰진폭1.00
274,우양냉동(장항)|핫도그|공정이물류,0.590898956842871,MEDIUM,1.3503746936268473,0.3411132542395362,0.2287533122452939,1.0,0.2551551815399144,False,큰진폭1.00
275,남원공장|우동|곰팡이,0.5908921171274968,MEDIUM,0.935645624396771,0.6424243512369817,0.4546092399237849,1.0,0.10508283792729965,True,큰진폭1.00
276,상신(2공장_치킨)|치킨|동물성이물,0.590831302490551,MEDIUM,1.2355722857312612,0.6541203958455437,0.1281086363998811,1.0,0.2858309752375147,False,큰진폭1.00
277,진천)B2B|FV _ OEM|합성수지류,0.5907167154643601,LOW_CONF,2.159727480792487,0.0,0.02923739768620886,1.0,0.0,False,증가율2.2x; 큰진폭1.00; 낮은신뢰도0.00
278,씨푸드_이천|국판 씨푸드김|형태,0.5895845395935781,LOW_CONF,1.2522036201367435,0.0,0.4036747794075075,1.0,0.34020690871988585,True,큰진폭1.00; 낮은신뢰도0.00
279,진천BC|비비고썰은김치|식물성이물,0.5881279747974454,MEDIUM,1.1399885268778154,0.5159900933500554,0.37071727091259116,1.0,0.1075828707279838,False,큰진폭1.00
280,진천BC|죽(용기)|식물성이물,0.5875169529929225,MEDIUM,1.2628921476674209,0.6825256957974175,0.09951680473450923,1.0,0.2635231383473649,False,큰진폭1.00
281,씨푸드_성남|삼호어묵|포장불량,0.5874064848881488,MEDIUM,1.0031885896331771,0.7361779333789347,0.21175737833657507,1.0,0.3140743172685037,False,큰진폭1.00
282,인천냉동식품|비비고 수제만두|기타이물류,0.5866871157659664,MEDIUM,1.1012563053864035,0.6874999750757399,0.276272758182718,1.0,0.15214515486254615,False,큰진폭1.00
283,진천BC|중식프라잉|동물성이물,0.5855884892442837,LOW_CONF,1.937815793505605,0.0,0.1600844351438758,1.0,0.0,False,증가율1.9x; 큰진폭1.00; 낮은신뢰도0.00
284,진천BC|더건강한 닭가슴살|인체이물류,0.5844904119587181,MEDIUM,0.6235506741869292,0.47957187432883286,0.18170387546224662,1.0,0.9166666666666665,False,큰진폭1.00; 변곡위험0.92
285,부산공장|일반국밥|기타,0.5837410599103402,MEDIUM,0.9486137253463715,0.8008806817284905,0.3465524525318416,1.0,0.09960238411119947,False,큰진폭1.00
286,미정식품(HMR)|프리미엄 국물|벌레류,0.5835615528315252,LOW_CONF,1.9503520830023493,0.0,0.14497045410351772,1.0,0.0,False,증가율2.0x; 큰진폭1.00; 낮은신뢰도0.00
287,논산1공장|가정용다담|포장불량,0.5827412339727104,MEDIUM,1.134922302915045,0.7503686630834525,0.158526424894732,1.0,0.22821773229381923,False,큰진폭1.00
288,한우물 영농조합|주먹밥|중량수량미달,0.5827065594755758,LOW_CONF,1.9977422637816629,0.0,0.11052702239747726,1.0,0.0,False,증가율2.0x; 큰진폭1.00; 낮은신뢰도0.00
289,진천)육가공|B2B스팸 대물|포장불량,0.5813921963713649,MEDIUM,1.344665106568367,0.567479088043054,0.08210894727253491,1.0,0.2635231383473649,False,큰진폭1.00
290,부산공장|프리미엄덮밥|포장불량,0.5811611594927006,MEDIUM,1.1959336385355048,0.7167020711535536,0.10588164481031248,1.0,0.2635231383473649,False,큰진폭1.00
291,논산1공장|일반 국물|팽창,0.5810651488185749,MEDIUM,0.9753867978655835,0.41493609775602336,0.37082458194018225,1.0,0.31250000000000006,False,큰진폭1.00
292,남원공장|(냉동)칼국수|벌레류,0.5807905476827384,MEDIUM,1.4515670855210223,0.5,0.042575009696869955,1.0,0.2635231383473649,False,큰진폭1.00
293,삼해상사(김포)|국판삼해김|향(냄새),0.5803995411038056,LOW_CONF,1.633620632003245,0.0,0.06780693789941132,1.0,0.4166666666666666,False,증가율1.6x; 큰진폭1.00; 낮은신뢰도0.00
294,진천)육가공|냉장스낵|포장불량,0.5802492348846018,MEDIUM,1.0948449407249996,0.546424514963441,0.30682923290029723,1.0,0.18633899812498247,False,큰진폭1.00
295,씨푸드_이천|국판 씨푸드김|제품,0.5800173541903395,MEDIUM,1.3978705187406015,0.5,0.11188891602139574,1.0,0.2093828781790025,False,큰진폭1.00
296,공주공장|쌈장가정용|합성수지류,0.5798283399675612,MEDIUM,1.0687363846093987,0.688669214007427,0.09815782537078048,1.0,0.4166666666666666,False,큰진폭1.00
297,우양냉동(장항)|핫도그|인체이물류,0.5793693950854801,MEDIUM,1.2883051565595767,0.5355221412590928,0.12891804971742646,1.0,0.2635231383473649,False,큰진폭1.00
298,진천BC|PSPS|합성수지류,0.5790104210373263,MEDIUM,0.9825712184758416,0.9014936015827797,0.15062934590469185,1.0,0.2604166666666667,False,큰진폭1.00
299,부산공장|일반국밥|기타이물류,0.5773651229733949,MEDIUM,1.1815625725823404,0.5,0.10906425041197831,1.0,0.4166666666666666,False,큰진폭1.00
300,진천)육가공|B2C 스팸단품|색상,0.5763241096114324,MEDIUM,0.9529637229144967,0.8742622853377835,0.17295798186130873,1.0,0.2635231383473649,False,큰진폭1.00
301,씨푸드_성남|삼호부산|기타이물류,0.5753478496791085,MEDIUM,1.0651774990487475,0.7004178316499047,0.15271842241333117,1.0,0.30717074198936906,False,큰진폭1.00
302,남원공장|(냉동)중화면|중량수량미달,0.5722160935241343,MEDIUM,1.1576765680057657,0.5,0.26468989139160176,1.0,0.18136906252750293,False,큰진폭1.00
303,부산공장|프리미엄덮밥|식물성이물,0.5718049986095878,MEDIUM,0.9959983437005905,0.726221119523087,0.15618950487633534,1.0,0.33407655239053047,False,큰진폭1.00
304,교동(HMR)_1공장|일반 국물|기타,0.5713328835396051,LOW_CONF,1.8475335542600437,0.0,0.17275390895865445,1.0,0.0,False,증가율1.8x; 큰진폭1.00; 낮은신뢰도0.00
305,인천냉동식품|비비고 수제만두|식물성이물,0.5703464895674099,MEDIUM,0.8656951810006634,0.6372199326747547,0.31981679355880716,1.0,0.2783971269921088,False,큰진폭1.00
306,논산1공장|일반 국물 사골|벌레류,0.5702880683812909,MEDIUM,1.0803838773800731,0.7096718084633915,0.13952940732757563,1.0,0.2795084971874737,False,큰진폭1.00
307,논산1공장|프리미엄 국물|기타변질,0.5702076371827344,MEDIUM,0.9108351558085547,0.48606976539671054,0.44279710149781626,1.0,0.16145505381086012,True,큰진폭1.00
308,부산공장|프리미엄덮밥|벌레류,0.5701117575156534,MEDIUM,1.3244522713779694,0.3915048292563704,0.14596983727377,1.0,0.2635231383473649,False,큰진폭1.00
309,진천BC|백미|포장불량,0.5700768084268613,MEDIUM,0.949309786994073,0.5710659642901545,0.24749944135615926,1.0,0.3515256198883781,False,큰진폭1.00
310,탕산율원식품|맛간식|기타변질,0.5697892645110296,MEDIUM,0.6762853052072859,0.27560760910037385,0.5621848761817445,1.0,0.37267799624996495,True,큰진폭1.00
311,영등포공장|쿠킹믹스|중량수량미달,0.5694466563224226,MEDIUM,1.0875288528287996,0.6664431080412199,0.14349618150533602,1.0,0.29462782549439476,False,큰진폭1.00
312,부산공장|잡곡|토사류,0.5678829179593561,MEDIUM,1.002692721595635,0.6670967789908602,0.23379801570832326,1.0,0.2357022603955158,False,큰진폭1.00
313,진천)육가공|성형햄|포장불량,0.5666625381627951,MEDIUM,1.3044256553476732,0.44187772651072643,0.15047243299678606,1.0,0.2217700910880782,False,큰진폭1.00
314,씨푸드_이천|국판 씨푸드김|중량수량미달,0.5659100593370164,MEDIUM,0.9333983826808756,0.6287368959827673,0.32712454821847764,1.0,0.18391241968941507,False,큰진폭1.00
315,부산공장|잡곡|곰팡이,0.5657011324093282,MEDIUM,0.4258853814910275,0.47270219056403684,0.7104906883220493,1.0,0.23235760514951187,True,강한계절성0.71; 큰진폭1.00
316,진천)육가공|베이컨|기타변질,0.5653491651573275,MEDIUM,0.784506285234763,0.6406767752835991,0.3504861746751045,1.0,0.28600269707651843,False,큰진폭1.00
317,진천BC|비비고썰은김치|기타,0.5653246444786043,MEDIUM,0.6371377160837404,0.6352666531091238,0.4667737683434304,1.0,0.2628748639622931,True,큰진폭1.00
318,부산공장|백미|포장불량,0.5637967462539957,MEDIUM,1.0608886177495116,0.7179958093890588,0.16779429310564573,1.0,0.21790681682020444,False,큰진폭1.00
319,진천)육가공|미트편의식|합성수지류,0.5635624695129757,MEDIUM,1.3854059177788351,0.2496916183043656,0.1207089325261769,1.0,0.3140743172685037,False,큰진폭1.00
320,진천BC|비엔나|공정이물류,0.5632946801701907,MEDIUM,0.9399294349083437,0.789595324177032,0.18527124440192863,1.0,0.2564406062069432,False,큰진폭1.00
321,미정식품(HMR)|프리미엄 국물|합성수지류,0.5628299793824844,LOW_CONF,1.9779355022762604,0.0,0.057476263090774436,1.0,0.0,False,증가율2.0x; 큰진폭1.00; 낮은신뢰도0.00
322,씨푸드_성남|삼호간편식|인체이물류,0.5603836188408748,MEDIUM,1.0946150537277635,0.6003829849962357,0.15167153636130662,1.0,0.2795084971874737,False,큰진폭1.00
323,부산공장|백미|식감,0.560211561152237,LOW_CONF,1.7398424060904596,0.0,0.032389367434081794,1.0,0.2626313485196031,False,증가율1.7x; 큰진폭1.00; 낮은신뢰도0.00
324,남원공장|냉면|기타,0.5596719961756018,LOW_CONF,1.8646608757471652,0.0,0.12246607008722918,1.0,0.0,False,증가율1.9x; 큰진폭1.00; 낮은신뢰도0.00
325,탕산율원식품|맛간식|합성수지류,0.5594143530102469,MEDIUM,1.0701567357018118,0.7447524439404412,0.09256146613774514,1.0,0.2795084971874737,False,큰진폭1.00
326,양산공장|1급중력밀가루|포장불량,0.5578406110187205,MEDIUM,0.7939851730067223,0.8714593192202242,0.25552670622558576,1.0,0.20833333333333334,False,큰진폭1.00
327,진천)육가공|더건강한 닭가슴살|기타변질,0.557611195059789,MEDIUM,1.1150582015951398,0.7283837420325261,0.06186632704481601,1.0,0.2839104766121862,False,큰진폭1.00
328,논산1공장|프리미엄 국물|인체이물류,0.5574701147527379,MEDIUM,0.9158448389634232,0.5745155734752565,0.2847306108976392,1.0,0.2635231383473649,False,큰진폭1.00
329,부산공장|일반덮밥|기타변질,0.5564993386660211,LOW_CONF,1.9700146752863423,0.0,0.04165467869584202,1.0,0.0,False,증가율2.0x; 큰진폭1.00; 낮은신뢰도0.00
330,인천냉동식품|비비고 왕교자|향(냄새),0.5558354652353186,MEDIUM,1.31093731688178,0.6552315790636516,0.15121088333138255,1.0,0.0,False,큰진폭1.00
331,두메|하선정찬류|성분,0.555761683356895,MEDIUM,0.8437184969952742,0.6639065832282887,0.34350429421656803,1.0,0.1719035410431322,False,큰진폭1.00
332,우양냉동(장항)|핫도그|곰팡이,0.5556943268459356,MEDIUM,0.8909077284896194,0.47837901079720335,0.41324614406748256,1.0,0.15891043154093204,True,큰진폭1.00
333,씨푸드_성남|삼호부산|곰팡이,0.555257364580301,MEDIUM,1.181545995230587,0.6311448316643751,0.08376374022076098,1.0,0.24573659359149516,False,큰진폭1.00
334,진천BC|B2B떡갈비|동물성이물,0.5552085091852321,LOW_CONF,1.392926935043332,0.0,0.1442992961441081,1.0,0.4166666666666666,False,큰진폭1.00; 낮은신뢰도0.00
335,진천BC|비엔나|형태,0.5550674424113964,MEDIUM,0.897953796042628,0.7252905339098026,0.19838969356299146,1.0,0.2858309752375148,False,큰진폭1.00
336,진천)육가공|베이컨|인체이물류,0.5545826441380769,MEDIUM,0.8750906235017709,0.6565614981063868,0.1399773802809663,1.0,0.44543540318737396,False,큰진폭1.00
337,진천BC|PSPS|곰팡이,0.5543216556579622,MEDIUM,1.169190817860031,0.45261911311861613,0.2493761578012859,1.0,0.13888888888888887,False,큰진폭1.00
338,꿈꾸는콩|수입콩두부|기타변질,0.55357144693259,LOW_CONF,1.2583526283050737,0.0,0.2884295874183798,1.0,0.3268602252303067,False,큰진폭1.00; 낮은신뢰도0.00
339,부산공장|프리미엄덮밥|중량수량미달,0.5524360838861776,MEDIUM,1.090425792518381,0.5245904264478991,0.18210441702444558,1.0,0.2551551815399144,False,큰진폭1.00
340,진천BC|백미|변색,0.5524124427299064,MEDIUM,0.6156895532870665,0.5303200788872913,0.4563721892856623,1.0,0.3140743172685037,True,큰진폭1.00
341,진천)육가공|B2C 스팸단품|금속류,0.5516874402531493,MEDIUM,0.8626782139707394,0.753464190463308,0.21142513740010713,1.0,0.2635231383473649,False,큰진폭1.00
342,탕산율원식품|맛간식|색상,0.5516433154628018,MEDIUM,1.1133868118022159,0.4689106754810419,0.08432006148956338,1.0,0.4166666666666666,False,큰진폭1.00
343,진천)육가공|베이컨|공정이물류,0.5506579506784315,MEDIUM,0.9863370896796595,0.5685281089256746,0.17579757119195705,1.0,0.3268602252303067,False,큰진폭1.00
344,부산공장|프리미엄덮밥|곰팡이,0.5479088711229316,MEDIUM,0.6467475529036142,0.30362521991510993,0.6252086946799419,1.0,0.17726484575479876,True,강한계절성0.63; 큰진폭1.00
345,인천냉동식품|비비고 수제만두|동물성이물,0.5469337114387859,MEDIUM,0.9126110410297957,0.22189480883640333,0.43014649524677623,1.0,0.2604166666666667,True,큰진폭1.00
346,진천BC|비비고썰은김치|포장불량,0.5464005620287558,MEDIUM,0.6712903960425624,0.6516951965731184,0.3396273444475852,1.0,0.3125,False,큰진폭1.00
347,양산공장|튀김부침용|벌레류,0.543842660574565,LOW_CONF,1.3496622668553462,0.0,0.1352562462338751,1.0,0.4166666666666666,False,큰진폭1.00; 낮은신뢰도0.00
348,진천BC|비비고별미김치|성분,0.5437724786172062,MEDIUM,0.8148958458803328,0.6427582848710867,0.24315139437534314,1.0,0.30717074198936906,False,큰진폭1.00
349,남원공장|우동|벌레류,0.5436446914611961,MEDIUM,0.9930487029039822,0.5,0.28226537273690755,1.0,0.17677669529663687,False,큰진폭1.00
350,씨푸드_성남|삼호어묵|기타변질,0.5432746920366843,MEDIUM,1.0980411904825078,0.5,0.18040971207148468,1.0,0.22271770159368698,False,큰진폭1.00
351,인천냉동식품|비비고 왕교자|인체이물류,0.5428732172096585,MEDIUM,0.5274976487926694,0.7482952512918161,0.5157232841138633,1.0,0.10206207261596577,True,큰진폭1.00
352,진천)육가공|미트편의식|동물성이물,0.5420825441980335,MEDIUM,0.7689611311269648,0.7841543185969053,0.3384973078685266,1.0,0.09558988911273408,False,큰진폭1.00
353,씨푸드_성남|냉장 생선구이|기타변질,0.5411179049700021,MEDIUM,0.931700069845557,0.5793584150238102,0.16610915667780696,1.0,0.34020690871988585,False,큰진폭1.00
354,인천냉동식품|비비고 수제만두|벌레류,0.5396643661742112,MEDIUM,0.6984369359954838,0.5000164765449936,0.1320638947801269,1.0,0.6767766952966369,False,큰진폭1.00; 변곡위험0.68
355,맑은동해|수입콩두부|제품,0.5390204068390199,MEDIUM,0.837182103079456,0.5819801113595942,0.22081862591737483,1.0,0.3402069087198858,False,큰진폭1.00
356,씨푸드_성남|삼호간편식|포장불량,0.5376278492027595,MEDIUM,0.6269946988698291,0.6790072004026861,0.3666183484760384,1.0,0.2519616241278967,False,큰진폭1.00
357,남원공장|미식면|곰팡이,0.5357688394213689,LOW_CONF,1.3020769962191057,0.0,0.19512709899813893,1.0,0.33407655239053047,False,큰진폭1.00; 낮은신뢰도0.00
358,동방푸드마스타(소스드레싱)|드레싱|포장불량,0.5355391252950852,MEDIUM,0.9500021256398017,0.7499984348359372,0.10111435757420444,1.0,0.2635231383473649,False,큰진폭1.00
359,푸드웨어|손만두|합성수지류,0.5352638435477284,MEDIUM,1.1746657889724268,0.4992269481182514,0.07580671955344079,1.0,0.2635231383473649,False,큰진폭1.00
360,씨푸드_성남|삼호어묵|중량수량미달,0.5349986609542892,MEDIUM,1.1285010730369154,0.5,0.10531272892477697,1.0,0.2635231383473649,False,큰진폭1.00
361,사수리풍|당면|기타이물류,0.534740415585669,MEDIUM,1.079553682222778,0.5426139824191489,0.013680828149692157,1.0,0.4166666666666666,False,큰진폭1.00
362,남원공장|쫄면|곰팡이,0.5345626843999901,LOW_CONF,1.783870012542375,0.0,0.09262893963838358,1.0,0.0,False,증가율1.8x; 큰진폭1.00; 낮은신뢰도0.00
363,뚜또|과일젤리|벌레류,0.532799766854053,MEDIUM,1.1423913024209078,0.5000652818867511,0.04165467869584202,1.0,0.33407655239053047,False,큰진폭1.00
364,진천BC|중식프라잉|기타,0.5327960883251724,LOW_CONF,1.6934207666574195,0.0,0.14703978331229495,1.0,0.0,False,증가율1.7x; 큰진폭1.00; 낮은신뢰도0.00
365,진천)육가공|미니소시지|곰팡이,0.532160958334449,MEDIUM,0.6691567989808823,0.7490682145049452,0.309253150278209,1.0,0.21596710639534,False,큰진폭1.00
366,진천BC|비비고썰은김치|합성수지류,0.5316891679683559,MEDIUM,0.5004081718860908,0.5461831874610787,0.38782240712880856,1.0,0.4166666666666667,False,큰진폭1.00
367,논산1공장|일반 국물 사골|제품,0.5300689703362039,MEDIUM,0.9596022669357617,0.6874943919612455,0.19557348106709446,1.0,0.13176156917368248,False,큰진폭1.00
368,진천)육가공|미트편의식|식물성이물,0.5289441985504013,MEDIUM,1.1718899052544993,0.35211488275096603,0.23410803647086617,1.0,0.1075828707279838,False,큰진폭1.00
369,진천BC|더건강한 닭가슴살|포장불량,0.5287280718144617,MEDIUM,0.9282997049560233,0.44822892852111107,0.22001314997870747,1.0,0.29914923275739086,False,큰진폭1.00
370,한국농협김치_북파주|비비고별미김치|기타,0.5283895228808928,MEDIUM,0.7444495008382014,0.9591068743842734,0.10976321295379471,1.0,0.2635231383473649,False,큰진폭1.00
371,논산1공장|가정용다담|벌레류,0.5279298341102775,MEDIUM,0.889606319328472,0.6187347555905524,0.1489945230200009,1.0,0.31250000000000006,False,큰진폭1.00
372,인천냉동식품|비비고 왕교자|동물성이물,0.5272359231212342,LOW_CONF,0.6239772467660902,0.1644596507499222,0.5784630390028797,1.0,0.2711630722733202,True,큰진폭1.00; 낮은신뢰도0.16
373,인천냉동식품|비비고 왕교자|형태,0.5261940507968574,LOW_CONF,0.8621365493651414,0.0,0.5132184962274313,1.0,0.24900596027799868,True,큰진폭1.00; 낮은신뢰도0.00
374,진천BC|비비고별미김치|벌레류,0.5242658825291584,MEDIUM,0.8890839036959572,0.555589680812054,0.1676526207148603,1.0,0.3140743172685038,False,큰진폭1.00
375,공주공장|된장업소용|변화,0.5240108404465149,MEDIUM,0.734377376632739,0.5140821123610624,0.32439473532111607,1.0,0.2635231383473649,False,큰진폭1.00
376,신라에스지|미니소시지|기타,0.521762451408397,MEDIUM,0.5587679932597973,0.7206219716527497,0.308588246996108,1.0,0.29669541454846327,False,큰진폭1.00
377,우양냉동(장항)|핫도그|기타,0.520930050146831,MEDIUM,0.947856497751908,0.4947134648664514,0.27526023835777386,1.0,0.12286829679574758,False,큰진폭1.00
378,진천BC|죽(용기)|성분,0.5199573579358404,MEDIUM,1.0546676880972954,0.5097087384169023,0.16033581040242748,1.0,0.17233383216558873,False,큰진폭1.00
379,양산공장|튀김부침용|기타이물류,0.5193128930317068,MEDIUM,0.7186353310215169,0.7500000035312934,0.20127066209412137,1.0,0.2635231383473649,False,큰진폭1.00
380,진천)육가공|후랑크|공정이물류,0.5173923730724529,MEDIUM,0.614414318778978,0.6849399258731126,0.18673075954812016,1.0,0.42874646285627205,False,큰진폭1.00
381,인천냉동식품|비비고 왕교자|맛,0.5171204953098841,MEDIUM,0.9801749735538305,0.5,0.09756730040337308,1.0,0.33407655239053047,False,큰진폭1.00
382,씨푸드_이천|국판 씨푸드김|기타,0.5170308128408436,MEDIUM,0.9053993770857719,0.5,0.19415436584738763,1.0,0.2635231383473649,False,큰진폭1.00
383,인천2)유|대두유가정용|포장불량,0.5156815279703076,MEDIUM,0.648908470861643,0.9038777999426539,0.14383989586359303,1.0,0.2858309752375148,False,큰진폭1.00
384,진천BC|비비고포기김치|인체이물류,0.5156553821485546,MEDIUM,0.7554598175430619,0.6664524028548959,0.16407837721882162,1.0,0.3268602252303067,False,큰진폭1.00
385,진천)육가공|B2C 스팸단품|기타이물류,0.5149521274370068,MEDIUM,0.6102166760597092,0.7023281680909078,0.3063867351755495,1.0,0.22821773229381923,False,큰진폭1.00
386,진천BC|B2B적전|동물성이물,0.5148684025275418,MEDIUM,1.131440582451409,0.5002328801658724,0.10014697834579588,1.0,0.16750630254320198,False,큰진폭1.00
387,진천BC|비비고별미김치|식감,0.5143188576526946,MEDIUM,1.065781273074416,0.6991861828193557,0.05189200471990369,1.0,0.15358537099468453,False,큰진폭1.00
388,부산공장|일반국밥|포장불량,0.5113375589415164,MEDIUM,0.9160400277892681,0.60000101533806,0.1323096164656527,1.0,0.24218258071629017,False,큰진폭1.00
389,진천BC|치킨|공정이물류,0.5100487190667456,MEDIUM,1.1252191658763975,0.5735596749118728,0.09746463439836515,1.0,0.09865772167587851,False,큰진폭1.00
390,논산1공장|일반 국물|포장불량,0.5083726480356568,LOW_CONF,1.2039958386584806,0.1969318222339922,0.04499369239622983,1.0,0.37267799624996495,False,큰진폭1.00; 낮은신뢰도0.20
391,진천)육가공|B2C 스팸번들기획|곰팡이,0.5075666238781944,MEDIUM,0.5632347236709436,0.6828773552563959,0.1971824750740435,1.0,0.4166666666666666,False,큰진폭1.00
392,진천)두부|국산콩두부|기타변질,0.5071572670956412,MEDIUM,0.6307865734803203,0.7166763357446551,0.24155821909965328,1.0,0.2551551815399144,False,큰진폭1.00
393,진천BC|백미|팽창,0.5070424449047541,MEDIUM,0.3890171754047062,0.798480277695178,0.32739866743757423,1.0,0.3062368396913196,False,큰진폭1.00
394,인천냉동식품|비비고 왕교자|포장불량,0.5053438438398793,MEDIUM,0.8731112638873217,0.24997696176473228,0.29223163747383185,1.0,0.2777777777777778,False,큰진폭1.00
395,진천BC|완자류|인체이물류,0.5044285507984982,MEDIUM,0.7940991972210781,0.7499794246367676,0.1013572332976482,1.0,0.2635231383473649,False,큰진폭1.00
396,씨푸드_이천|국판 씨푸드김|향(냄새),0.503225879918927,MEDIUM,0.6311620993954972,0.7326235485714752,0.1635284867004307,1.0,0.3402069087198858,False,큰진폭1.00
397,인천냉동식품|비비고 수제만두|금속류,0.5022679698310384,MEDIUM,0.29529227349703185,0.8063655369861977,0.29640450416789693,1.0,0.4166666666666666,False,큰진폭1.00
398,공주공장|된장가정용|기타이물류,0.5015433374870986,MEDIUM,0.46275311548489273,0.8511462289492178,0.26205384126088116,1.0,0.2635231383473649,False,큰진폭1.00
399,진천BC|백미|색상,0.5007068620846309,MEDIUM,0.4964439899389926,0.7363979801698896,0.25295322094809897,1.0,0.32536200393459597,False,큰진폭1.00
400,진천BC|파우치 죽(일반)|포장불량,0.5002247163978057,LOW_CONF,1.5591632877819714,0.0,0.1279735294713713,1.0,0.0,False,증가율1.6x; 큰진폭1.00; 낮은신뢰도0.00
401,교동(HMR)_1공장|일반 국물|인체이물류,0.49929261598993735,LOW,0.8907943883324578,0.6103758617065267,0.13245468474329009,1.0,0.19920476822239894,False,큰진폭1.00
402,씨푸드_이천|국판 씨푸드김|포장불량,0.49858589115149426,LOW,0.7704151350565938,0.6002853110534205,0.24687139991006318,1.0,0.15199323754571742,False,큰진폭1.00
403,부산공장|프리미엄덮밥|기타이물류,0.496847716471519,LOW,0.4243586549645025,0.5271032791907536,0.3319238675555739,1.0,0.4166666666666666,False,큰진폭1.00
404,인천2)유|고소함가득참기름|포장불량,0.4958544009542835,LOW,0.19545466128077102,0.937616929433838,0.3358296141233075,1.0,0.3268602252303067,False,큰진폭1.00
405,성보(HMR)|일반 국물 사골|기타변질,0.4917153426129738,LOW,0.6685699704581561,0.743383172611354,0.12720179765435366,1.0,0.2916666666666667,False,큰진폭1.00
406,진천)육가공|B2C 스팸단품|인체이물류,0.4906440528645452,LOW,0.7951799127345077,0.5036819662253511,0.17783715904789354,1.0,0.2635231383473649,False,큰진폭1.00
407,진천)육가공|B2C 스팸단품|중량수량미달,0.49046162878723937,LOW,0.6532236032475668,0.9631589509544417,0.042128126083622805,1.0,0.2635231383473649,False,큰진폭1.00
408,진천BC|백미|곰팡이,0.4898114604185495,LOW,0.0,0.5744159378327818,0.7927959106429009,0.7600111141983884,0.25904314710501875,True,강한계절성0.79; 큰진폭0.76
409,신라에스지|미니소시지|식감,0.4883600320661426,LOW,0.7966226704248843,0.6425498763493327,0.03126093185278175,1.0,0.3663736848646561,False,큰진폭1.00
410,진천BC|백미|인체이물류,0.4864364859421316,LOW,0.0,0.7904713670547379,0.6354247626046512,1.0,0.1361917605126278,True,강한계절성0.64; 큰진폭1.00
411,논산1공장|일반 국물|합성수지류,0.4863700520565662,LOW,0.7499997726704042,0.638888949433819,0.20035908044967765,1.0,0.15214515486254615,False,큰진폭1.00
412,진천BC|백미|기타변질,0.4860952395310829,LOW,0.0,0.6331527175567926,0.6479035706101862,1.0,0.23375630357254087,True,강한계절성0.65; 큰진폭1.00
413,신라에스지|미니소시지|합성수지류,0.4857869820631248,LOW,0.9770981022537442,0.5,0.130050159258798,1.0,0.13176156917368248,False,큰진폭1.00
414,신라에스지|미니소시지|기타변질,0.4833260535967693,LOW,0.576051570548116,0.5042346951914808,0.3419036888584756,1.0,0.19954714275440655,False,큰진폭1.00
415,부산공장|잡곡|식감,0.4826233472823217,LOW,0.7378878564225232,0.7581704850017874,0.14598703039796648,1.0,0.13762047064079508,False,큰진폭1.00
416,인천냉동식품|비비고 왕교자|토사류,0.4821591837979123,LOW,0.7875566364078974,0.6959960966611944,0.13273137014881456,1.0,0.15214515486254615,False,큰진폭1.00
417,맑은식품|국산콩두부|기타변질,0.4806089175760037,LOW,0.5534338824931725,0.7107899614088338,0.23114982879886092,1.0,0.21979349113192903,False,큰진폭1.00
418,남원공장|(냉동)잡채|포장불량,0.47925632350645847,LOW,0.7813457818425711,0.5,0.15094179822823747,1.0,0.2635231383473649,False,큰진폭1.00
419,부산공장|백미|식물성이물,0.47815187558346167,LOW,0.6031545460853155,0.7174709904272054,0.14760555587663834,1.0,0.2780932551966311,False,큰진폭1.00
420,공주공장|된장가정용|곰팡이,0.47673765874549184,LOW_CONF,1.2373373431223993,0.0,0.09756730040337308,1.0,0.25,False,큰진폭1.00; 낮은신뢰도0.00
421,진천)육가공|슬라이스|동물성이물,0.47575287298231045,LOW,0.91279410435338,0.3428682161563017,0.0790747931473733,1.0,0.3402069087198858,False,큰진폭1.00
422,남원공장|우동|포장불량,0.4753021188910134,LOW,0.587465792214552,0.659314282932133,0.30092639398594956,1.0,0.09316949906249124,False,큰진폭1.00
423,부산공장|BIG컵반(컵)|곰팡이,0.47495300658024553,LOW,0.11716070724913143,0.5018467715566208,0.4571892291981712,1.0,0.44543540318737396,True,큰진폭1.00
424,진천)두부|수입콩두부|기타변질,0.4739453700104058,LOW,0.6711913563320289,0.3133326336473873,0.1898597037521252,1.0,0.4287464628562721,False,큰진폭1.00
425,진천)두부|수입콩두부|기타,0.47248807555654065,LOW,0.8400656593842742,0.5,0.08923438670070953,1.0,0.2635231383473649,False,큰진폭1.00
426,진천BC|죽(용기)|기타,0.47180217215521936,LOW,0.34978981682370747,0.6004467117245051,0.2614795623282293,1.0,0.4166666666666667,False,큰진폭1.00
427,진천BC|죽(용기)|합성수지류,0.47155871537261673,LOW_CONF,1.2913971080694173,0.0,0.21093097919577766,1.0,0.0,False,큰진폭1.00; 낮은신뢰도0.00
428,신라에스지|미니소시지|인체이물류,0.47072545076648414,LOW,0.3513392386669048,0.6746229223531028,0.21976943782268168,1.0,0.4166666666666666,False,큰진폭1.00
429,삼해상사(김포)|국판삼해김|형태,0.4694284298202693,LOW,0.3937625015908508,0.8045423947264336,0.18207508415690918,1.0,0.3268602252303067,False,큰진폭1.00
430,진천BC|죽(용기)|포장불량,0.46725157975327275,LOW,0.09528746926425763,0.9980581062281138,0.246499235720704,1.0,0.37267799624996495,False,큰진폭1.00
431,남원공장|우동|인체이물류,0.4661276523315981,LOW,0.676200086190557,0.7226457917328344,0.1160061608711368,1.0,0.18844459036110225,False,큰진폭1.00
432,씨푸드_이천|국판 씨푸드김|맛,0.46600779881083637,LOW,0.6423878573404507,0.7489761656931462,0.0984675201000351,1.0,0.22821773229381923,False,큰진폭1.00
433,남원공장|우동|기타이물류,0.4639500520873535,LOW,0.0,0.9999910744666881,0.03748921082625782,1.0,0.7635231383473648,False,큰진폭1.00; 변곡위험0.76
434,진천BC|백미|중량수량미달,0.46373429537521077,LOW,0.7197738258549792,0.5970964561748193,0.1557126708978387,1.0,0.16750630254320198,False,큰진폭1.00
435,진천)육가공|후랑크|포장불량,0.46336039705626597,LOW,0.619063737775064,0.6561817147575266,0.15525617322962262,1.0,0.22271770159368698,False,큰진폭1.00
436,인천냉동식품|비비고 왕교자|식물성이물,0.46278967947959065,LOW,0.0,0.7209804681054506,0.5343220074930793,1.0,0.2217300350792464,True,큰진폭1.00
437,씨푸드_성남|삼호어묵|곰팡이,0.46264973748090815,LOW,0.43857574807327937,0.6357333061378252,0.24557630836027905,1.0,0.2795084971874737,False,큰진폭1.00
438,남원공장|군만두|인체이물류,0.4617720085383534,LOW,0.6806643648655955,0.6847442425394696,0.06740957171613629,1.0,0.2635231383473649,False,큰진폭1.00
439,한국농협김치_화성|비비고썰은김치|변화,0.46127423030093584,LOW,0.6708348800892265,0.5522208901633248,0.23715903440242161,1.0,0.1156320521893267,False,큰진폭1.00
440,교동(HMR)_1공장|일반 국물|합성수지류,0.4580569484232166,LOW,0.4143816657102533,0.5,0.35533083972375024,1.0,0.21790681682020444,False,큰진폭1.00
441,논산1공장|프리미엄 국물|동물성이물,0.457951540048395,LOW_CONF,1.3546101783253217,0.0,0.12343168127776875,1.0,0.0,False,큰진폭1.00; 낮은신뢰도0.00
442,진천BC|치킨|합성수지류,0.4577178185012705,LOW,0.5967912387502119,0.5000178002657227,0.17829488900814922,1.0,0.2993421700446249,False,큰진폭1.00
443,교동(HMR)_1공장|일반 국물|포장불량,0.45674458968979537,LOW,0.8227732358217189,0.6500850772571989,0.07583576818065332,1.0,0.10963225241337865,False,큰진폭1.00
444,신라에스지|미니소시지|포장불량,0.45461514186765833,LOW,0.5822450853342855,0.5803847988526423,0.1735979039611962,1.0,0.24514516892273,False,큰진폭1.00
445,부산공장|잡곡|식물성이물,0.45409421574722947,LOW,0.6174633760190783,0.32090012921219335,0.1146948453083093,1.0,0.49029033784546,False,큰진폭1.00
446,진천)육가공|B2C 스팸단품|포장불량,0.4534957341311066,LOW,0.32853410918330006,0.5,0.2648519298703777,1.0,0.4166666666666666,False,큰진폭1.00
447,진천)육가공|B2C 스팸단품|기타,0.4534725776763336,LOW,0.3963737536409864,0.5,0.21954831204934325,1.0,0.4166666666666666,False,큰진폭1.00
448,부산공장|잡곡|인체이물류,0.45318745917188397,LOW,0.17654196170018002,0.5000468639481941,0.43352391261972706,1.0,0.3140743172685037,True,큰진폭1.00
449,맑은식품|수입콩두부|기타변질,0.45161172576207503,LOW,0.8016378591209272,0.5671759490918191,0.032529646515585285,1.0,0.2322443380972059,False,큰진폭1.00
450,진천BC|까스류|공정이물류,0.4503882725114209,LOW,0.6311859219289496,0.6036898932286257,0.162536511422521,1.0,0.17418325357290443,False,큰진폭1.00
451,진천)육가공|B2C 스팸단품|합성수지류,0.4487700490248305,LOW,0.10429516459371667,0.5368550002200596,0.4311379477636703,1.0,0.3402069087198858,True,큰진폭1.00
452,신라에스지|미니소시지|제품,0.4486640385387124,LOW,0.7202738358678101,0.5663551649653409,0.12373265408963202,1.0,0.16268100196729798,False,큰진폭1.00
453,논산1공장|하선정액젓가정용|향(냄새),0.4483952337615287,LOW_CONF,1.1992957033203964,0.0,0.11849013545424159,1.0,0.11494526230588444,False,큰진폭1.00; 낮은신뢰도0.00
454,부산공장|프리미엄덮밥|기타,0.44802752503288273,LOW,0.5072659256113315,0.5,0.22956570747047825,1.0,0.2635231383473649,False,큰진폭1.00
455,진천BC|백미|식감,0.44716033330967153,LOW,0.5587859692066165,0.43176292404017336,0.23830460714674406,1.0,0.24573659359149516,False,큰진폭1.00
456,상신(2공장_치킨)|치킨|변화,0.4467524969602258,LOW_CONF,0.28352438828887583,0.08279346578084879,0.14765088700663326,1.0,0.9166666666666665,False,큰진폭1.00; 변곡위험0.92; 낮은신뢰도0.08
457,진천BC|비비고별미김치|식물성이물,0.44607638510501235,LOW,0.7674922336265639,0.5078935050829634,0.11020193094640574,1.0,0.16666666666666666,False,큰진폭1.00
458,진천)육가공|B2C 스팸단품|벌레류,0.4456243615867396,LOW,0.11195754546806368,0.7198685107724176,0.2730641418131032,1.0,0.4166666666666666,False,큰진폭1.00
459,진천BC|PSPS|동물성이물,0.4452923857521971,LOW,0.0,0.781120740076762,0.0336096433223521,1.0,0.8402069087198858,False,큰진폭1.00; 변곡위험0.84
460,진천BC|후랑크|형태,0.4451590888123625,LOW,0.9385750343485426,0.24997716897299083,0.057476263090774436,1.0,0.2635231383473649,False,큰진폭1.00
461,진천BC|볶음밥|인체이물류,0.44463992622616055,LOW,0.3645340964550857,0.5796808995468388,0.24448941201747926,1.0,0.30717074198936906,False,큰진폭1.00
462,씨푸드_성남|삼호어묵|합성수지류,0.4427298232278077,LOW,0.0,0.7978567269888969,0.3589308971113727,1.0,0.3268602252303067,False,큰진폭1.00
463,부산공장|프리미엄덮밥|기타변질,0.44248519877692755,LOW,0.18944161657933573,0.5,0.3807494347166636,1.0,0.3268602252303067,False,큰진폭1.00
464,진천)육가공|분절햄|포장불량,0.4411347901503145,LOW,0.49983019929802536,0.5970074497962374,0.1208186259173748,1.0,0.3268602252303067,False,큰진폭1.00
465,하이푸드텍|냉장스낵|팽창,0.4405465198007973,LOW,0.3649524974976628,0.6956983156198813,0.18091902619801192,1.0,0.29462782549439476,False,큰진폭1.00
466,부산공장|백미|변화,0.43928793426555,LOW,0.0,0.5,0.5390449841784876,1.0,0.2628721950600187,True,큰진폭1.00
467,진천BC|비엔나|기타변질,0.4386559365637936,LOW,0.7270305826651191,0.5333461158578672,0.10408032185795002,1.0,0.16011903047352374,False,큰진폭1.00
468,부산공장|백미|기타이물류,0.4374513260739008,LOW,0.09099445659796705,0.5266156357923106,0.43898309559077847,1.0,0.29282580354113635,True,큰진폭1.00
469,삼해상사(부안1)|국판삼해김|기타이물류,0.43681045889278197,LOW,0.6336201198912546,0.5,0.07528811638177027,1.0,0.31250000000000006,False,큰진폭1.00
470,삼해상사(부안1)|국판삼해김|포장불량,0.4326916833077688,LOW,0.4122256660929757,0.6504189943300587,0.18348401688915245,1.0,0.23819247936459562,False,큰진폭1.00
471,인천냉동식품|비비고 수제만두|인체이물류,0.43258862412833343,LOW,0.0,0.6252033882347587,0.43015561808799996,1.0,0.2988071523335984,True,큰진폭1.00
472,씨푸드_성남|콩가공|곰팡이,0.43232676120188446,LOW,0.3659349691736368,0.7415389403343471,0.13261702315031804,1.0,0.2906190968595482,False,큰진폭1.00
473,논산1공장|프리미엄 국물|합성수지류,0.43148651812369926,LOW,0.4408413288033877,0.5,0.21871208231182906,1.0,0.26352313834736496,False,큰진폭1.00
474,삼해상사(김포)|국판삼해김|기타,0.42854310898796966,LOW,0.3478994012106958,0.646375534012695,0.19767423658151084,1.0,0.2635231383473649,False,큰진폭1.00
475,부산공장|잡곡|기타이물류,0.4282680733538547,LOW,0.19090010631471996,0.6252358104937787,0.3862454984811156,1.0,0.15214515486254615,False,큰진폭1.00
476,진천BC|볶음밥|포장불량,0.4281895148353073,LOW,0.0,0.8575536039468584,0.3589329953582602,1.0,0.2093828781790025,False,큰진폭1.00
477,진천BC|볶음밥|식물성이물,0.4277646489140957,LOW_CONF,0.7053981581005836,0.0,0.1920935859658984,1.0,0.39528470752104744,False,큰진폭1.00; 낮은신뢰도0.00
478,신라에스지|미니소시지|변색,0.42719794178491455,LOW,0.4973563973691717,0.5686093264702496,0.09978421113514267,1.0,0.31250000000000006,False,큰진폭1.00
479,소디프|냉장스낵|곰팡이,0.4262898411812455,LOW_CONF,0.7982085099584688,0.0,0.27542482772521065,1.0,0.1701034543599429,False,큰진폭1.00; 낮은신뢰도0.00
480,진천BC|완자류|동물성이물,0.42567476531587417,LOW,0.4762330666983639,0.6297919628052653,0.19096696101023497,1.0,0.14334634626170553,False,큰진폭1.00
481,논산1공장|굴소스|성분,0.42554376000463623,LOW,0.37828681940023984,0.6754388655263446,0.0801165568188121,1.0,0.37267799624996495,False,큰진폭1.00
482,진천BC|비비고별미김치|포장불량,0.4216053760125168,LOW,0.36198565980059005,0.6319936942840243,0.18710726580441228,1.0,0.2413850508423573,False,큰진폭1.00
483,진천BC|비비고썰은김치|성분,0.42109218668176934,LOW,0.44994304384196493,0.7111329338085326,0.15283513439448324,1.0,0.14291548761875736,False,큰진폭1.00
484,진천BC|적전류|합성수지류,0.4204789640281872,LOW_CONF,0.8458845475418555,0.0,0.23624341182435624,1.0,0.15214515486254615,False,큰진폭1.00; 낮은신뢰도0.00
485,진천BC|B2B떡갈비|합성수지류,0.4203252347194494,LOW,0.2704278861433512,0.863637058609345,0.11329823676634802,1.0,0.2635231383473649,False,큰진폭1.00
486,논산1공장|가정용다담|향(냄새),0.42028845548777755,LOW,0.6734049663672704,0.5000582477971606,0.026313657917587975,1.0,0.2635231383473649,False,큰진폭1.00
487,부산공장|백미|성분,0.41855672641832803,LOW,0.6408828358166652,0.3506364973155436,0.14413714779642015,1.0,0.22271770159368698,False,큰진폭1.00
488,인천냉동식품|비비고 수제만두|변화,0.4185555233734864,LOW_CONF,0.8577803739422459,0.0,0.1269129449538608,1.0,0.29462782549439476,False,큰진폭1.00; 낮은신뢰도0.00
489,상신(2공장_튀김)|치킨|변화,0.4174264497960217,LOW_CONF,0.8298892634119529,0.0,0.2717604009713041,1.0,0.09960238411119947,False,큰진폭1.00; 낮은신뢰도0.00
490,부산공장|BIG컵반(컵)|합성수지류,0.41569230923218325,LOW,0.0,0.9964403599749231,0.10964307300870495,1.0,0.4166666666666666,False,큰진폭1.00
491,진천)육가공|슬라이스|기타변질,0.4130831350086459,LOW_CONF,0.6666564790225171,0.0,0.15472835290269704,1.0,0.4166666666666667,False,큰진폭1.00; 낮은신뢰도0.00
492,남원공장|(냉동)중화면|인체이물류,0.4114097351784467,LOW_CONF,1.1853560530927447,0.0,0.08112841519965908,1.0,0.0,False,큰진폭1.00; 낮은신뢰도0.00
493,논산1공장|일반 국물|벌레류,0.41102031514963167,LOW,0.39360728527553807,0.5,0.15480265383168526,1.0,0.3042903097250923,False,큰진폭1.00
494,푸드웨어|비비고 수제만두|기타이물류,0.4100595567116442,LOW,0.0,0.52215276048425,0.09677338323177885,1.0,0.7635231383473648,False,큰진폭1.00; 변곡위험0.76
495,진천BC|죽(용기)|기타변질,0.4094617214006635,LOW,0.4948088726011084,0.42726443843888173,0.17288913598624056,1.0,0.22271770159368698,False,큰진폭1.00
496,진천BC|B2B맨밥|곰팡이,0.40594356665978215,LOW_CONF,0.5341856944842601,0.0,0.3485429581473089,1.0,0.22271770159368698,False,큰진폭1.00; 낮은신뢰도0.00
497,한국농협김치_북파주|비비고별미김치|맛,0.40574588690139896,LOW,0.37545088500872775,0.6517760644328023,0.049493061635852806,1.0,0.3402069087198858,False,큰진폭1.00
498,하이푸드텍|냉장스낵|곰팡이,0.40487069979422774,LOW,0.3368923488587576,0.5066567096762014,0.08581476999930536,1.0,0.42874646285627205,False,큰진폭1.00
499,진천)육가공|B2C 스팸단품|곰팡이,0.40201689698920096,LOW_CONF,0.5082556980241403,0.0,0.4144559902320175,1.0,0.13014480157383837,True,큰진폭1.00; 낮은신뢰도0.00
500,부산공장|파우치 죽(프리미엄)|합성수지류,0.4018571087611735,LOW_CONF,0.7243838661614844,0.0,0.18091902619801192,1.0,0.2635231383473649,False,큰진폭1.00; 낮은신뢰도0.00
501,진천)육가공|더건강한 닭가슴살|동물성이물,0.4014306993506097,LOW,0.0,0.7261577072596651,0.2532934424596199,1.0,0.3325950526188697,False,큰진폭1.00
502,진천)육가공|B2C 스팸번들기획|동물성이물,0.4004078032379656,LOW,0.0,0.6803246018881237,0.21675259873804584,1.0,0.4166666666666666,False,큰진폭1.00
503,성보(HMR)|일반 국물 사골|벌레류,0.4002557575396177,LOW,0.06572294741987258,0.7196787345025275,0.3291010896925161,1.0,0.15214515486254615,False,큰진폭1.00
504,진천BC|비비고썰은김치|곰팡이,0.4000186165259388,LOW,0.40046273548942973,0.4644247865367368,0.15852574592689794,1.0,0.2635231383473649,False,큰진폭1.00
505,인천냉동식품|비비고 왕교자|공정이물류,0.39936621429542846,LOW,0.0,0.7343715984192245,0.23723030929522537,1.0,0.3402069087198858,False,큰진폭1.00
506,에스앤푸드|수입콩두부|기타변질,0.3966421500459374,LOW,0.2972680313503796,0.67968799812951,0.05625583784656211,1.0,0.3417929635123316,False,큰진폭1.00
507,진천BC|비엔나|곰팡이,0.3959269044419924,LOW,0.3668367883648267,0.6013635394043051,0.05179901793425081,1.0,0.33407655239053047,False,큰진폭1.00
508,부산공장|백미|중량수량미달,0.39551927063127984,LOW,0.476658609640258,0.25209959249049063,0.1988932738672722,1.0,0.2635231383473649,False,큰진폭1.00
509,부산공장|잡곡|성분,0.3939929378147846,LOW,0.12635397378952198,0.5993860536052347,0.286465295768226,1.0,0.214373231428136,False,큰진폭1.00
510,진천BC|백미|기타,0.3890779657912767,LOW_CONF,0.5140059651831786,0.0,0.35897891743629806,1.0,0.14291548761875736,False,큰진폭1.00; 낮은신뢰도0.00
511,진천BC|백미|성분,0.385029380890285,LOW_CONF,0.31532733126685425,0.0,0.29543527101193623,1.0,0.4166666666666666,False,큰진폭1.00; 낮은신뢰도0.00
512,삼해상사(김포)|국판삼해김|합성수지류,0.38328471523783414,LOW,0.21686298143438335,0.5798514189467703,0.15792950184462126,1.0,0.27777777777777773,False,큰진폭1.00
513,인천냉동식품|비비고 왕교자|기타이물류,0.382354476495208,LOW_CONF,0.0,0.0,0.4967371438729155,1.0,0.4166666666666666,True,큰진폭1.00; 낮은신뢰도0.00
514,진천)육가공|B2C 스팸단품|동물성이물,0.3817702246486758,LOW_CONF,0.0,0.1707647662170707,0.5843748643040502,1.0,0.1542152521245011,True,큰진폭1.00; 낮은신뢰도0.17
515,진천)육가공|후랑크|동물성이물,0.3798517408460594,LOW,0.0,0.8670366467072583,0.19588582282286585,1.0,0.20515248496555458,False,큰진폭1.00
516,진천BC|적전류|기타,0.3786087591779483,LOW,0.0,0.5657908190687326,0.13678502882721805,1.0,0.5135231383473648,False,큰진폭1.00; 변곡위험0.51
517,진천)육가공|B2C 스팸번들기획|변색,0.37611834166511443,LOW,0.2833198207439176,0.5,0.13916583282285988,1.0,0.2635231383473649,False,큰진폭1.00
518,진천BC|까스류|동물성이물,0.37498834101470335,LOW_CONF,0.695399181168957,0.0,0.1378832148739151,1.0,0.22271770159368698,False,큰진폭1.00; 낮은신뢰도0.00
519,성보(HMR)|프리미엄 국물|벌레류,0.37478786207843573,LOW,0.0,0.4353032892387332,0.2538634511976415,1.0,0.4166666666666666,False,큰진폭1.00
520,진천)육가공|B2C 스팸번들기획|합성수지류,0.3716123271002225,LOW_CONF,0.45067872705869216,0.0,0.1049219389616138,1.0,0.5,False,큰진폭1.00; 변곡위험0.50; 낮은신뢰도0.00
521,부산공장|백미|맛,0.3712642215891956,LOW,0.0,0.999997972041852,0.06186632704481601,1.0,0.2635231383473649,False,큰진폭1.00
522,진천BC|비비고썰은김치|맛,0.36956564885876547,LOW_CONF,0.5202022366554687,0.0,0.17358761964032773,1.0,0.31724457817786705,False,큰진폭1.00; 낮은신뢰도0.00
523,진천BC|더건강한 닭가슴살|기타변질,0.36766368061057186,LOW,0.3267297300974586,0.5440662600733333,0.1174993740649025,1.0,0.1772899168030473,False,큰진폭1.00
524,진천)육가공|B2C 스팸번들기획|공정이물류,0.3639888619995832,LOW_CONF,,0.0,0.13730363199888856,1.0,0.5,False,큰진폭1.00; 변곡위험0.50; 낮은신뢰도0.00
525,진천BC|양식반찬|식물성이물,0.3621979528518912,LOW,0.0029321149133726882,0.5572390599775249,0.14897445846418228,1.0,0.4166666666666666,False,큰진폭1.00
526,씨푸드_성남|삼호부산|기타,0.35965257877420076,LOW_CONF,0.36313838499441675,0.0,0.11440091368614821,1.0,0.5135231383473648,False,큰진폭1.00; 변곡위험0.51; 낮은신뢰도0.00
527,두메|하선정찬류|포장불량,0.3592874545547045,LOW,0.3652665899294697,0.5294989711982194,0.05499229070650312,1.0,0.20155801838563348,False,큰진폭1.00
528,삼해상사(김포)|국판삼해김|중량수량미달,0.3579097022391489,LOW,0.21702002086433222,0.2528446326112911,0.22631811068448257,1.0,0.29341784984621994,False,큰진폭1.00
529,진천BC|파우치 죽(일반)|기타이물류,0.3564097138769192,LOW_CONF,,0.0,0.11709257033845132,1.0,0.5,False,큰진폭1.00; 변곡위험0.50; 낮은신뢰도0.00
530,진천BC|일반 국물 사골|기타변질,0.35412275090406503,LOW_CONF,0.9631374914295506,0.0,0.03831750872718296,1.0,0.0,False,큰진폭1.00; 낮은신뢰도0.00
531,진천BC|프리미엄피자(BC)|곰팡이,0.3535111240247505,LOW_CONF,,0.0,0.10936299739933479,1.0,0.5,False,큰진폭1.00; 변곡위험0.50; 낮은신뢰도0.00
532,하이푸드텍|냉장스낵|기타변질,0.3504531456882288,LOW,0.0,0.7267925637314785,0.12909877819678015,1.0,0.2635231383473649,False,큰진폭1.00
533,남원공장|우동|중량수량미달,0.34904954353508294,LOW,0.10426699139770358,0.32463951659105716,0.2559853003247024,1.0,0.2635231383473649,False,큰진폭1.00
534,한우물 영농조합|주먹밥|기타이물류,0.34606847276137553,LOW_CONF,,0.0,0.08951592736366827,1.0,0.5,False,큰진폭1.00; 변곡위험0.50; 낮은신뢰도0.00
535,진천BC|일반 국물 사골|포장불량,0.3446805387497395,LOW_CONF,,0.0,0.08581476999930536,1.0,0.5,False,큰진폭1.00; 변곡위험0.50; 낮은신뢰도0.00
536,우양냉동(장항)|핫도그|기타이물류,0.3436328534555583,LOW_CONF,0.2453426209878359,0.10985705584391459,0.23639858611300307,1.0,0.2858309752375148,False,큰진폭1.00; 낮은신뢰도0.11
537,남원공장|손만두|합성수지류,0.3431004078659621,LOW_CONF,0.4105569128265218,0.0,0.1472457160751721,1.0,0.33407655239053047,False,큰진폭1.00; 낮은신뢰도0.00
538,꿈꾸는콩|수입콩두부|제품,0.3411535537392646,LOW,0.2207628990016829,0.5,0.10111435757420444,1.0,0.20833333333333334,False,큰진폭1.00
539,한우물 영농조합|주먹밥|식물성이물,0.3406648380728836,LOW_CONF,,0.0,0.07510623486102297,1.0,0.5,False,큰진폭1.00; 변곡위험0.50; 낮은신뢰도0.00
540,남원공장|(냉동)칼국수|합성수지류,0.33824443099979157,LOW_CONF,,0.0,0.06865181599944428,1.0,0.5,False,큰진폭1.00; 변곡위험0.50; 낮은신뢰도0.00
541,푸드웨어|비비고 수제만두|변화,0.3380938480348653,LOW_CONF,0.29337493453282626,0.0,0.3507367726305777,1.0,0.12098914669563353,False,큰진폭1.00; 낮은신뢰도0.00
542,씨푸드_이천|국판 씨푸드김|식물성이물,0.33274353236342996,LOW,0.0,0.5238357210278569,0.12932043054396694,1.0,0.3268602252303067,False,큰진폭1.00
543,한우물 영농조합|주먹밥|동물성이물,0.33115496982865067,LOW_CONF,,0.0,0.049746586209735155,1.0,0.5,False,큰진폭1.00; 변곡위험0.50; 낮은신뢰도0.00
544,진천BC|죽(용기)|인체이물류,0.3304384202308246,LOW_CONF,0.0,0.0,0.36575914037389945,1.0,0.35355339059327373,False,큰진폭1.00; 낮은신뢰도0.00
545,진천BC|볶음밥|기타변질,0.329035856141187,LOW,0.0,0.5,0.12406848554360311,1.0,0.33407655239053047,False,큰진폭1.00
546,진천BC|까스류|변화,0.32834067484487806,LOW,0.1241643896181444,0.5000012847604184,0.10260794145703561,1.0,0.23862610885037894,False,큰진폭1.00
547,진천BC|백미|공정이물류,0.3272228642542596,LOW,0.0,0.36642376952206,0.20120284255644458,1.0,0.3094922302950865,False,큰진폭1.00
548,진천)육가공|B2C 스팸번들기획|기타이물류,0.3265584540598466,LOW_CONF,,0.0,0.03748921082625782,1.0,0.5,False,큰진폭1.00; 변곡위험0.50; 낮은신뢰도0.00
549,진천)육가공|B2C 스팸단품|기타변질,0.32007511400025623,LOW_CONF,0.0,0.0,0.423473219030209,1.0,0.2151657414559676,True,큰진폭1.00; 낮은신뢰도0.00
550,진천BC|백미|맛,0.3185091397150614,LOW,0.16494295265428793,0.4285707872647032,0.06994346777179247,1.0,0.251259453814803,False,큰진폭1.00
551,진천)육가공|더건강한 닭가슴살|포장불량,0.318269019598355,LOW_CONF,0.3918730926354844,0.0,0.13872463634262228,1.0,0.2413850508423573,False,큰진폭1.00; 낮은신뢰도0.00
552,동방푸드마스타(김치)|비비고별미김치|합성수지류,0.3174493904403964,LOW,0.0,0.5,0.12182563667633883,1.0,0.2795084971874737,False,큰진폭1.00
553,부산공장|잡곡|공정이물류,0.3171563070591176,LOW,0.12871737986754828,0.4388284316643569,0.07627979555493809,1.0,0.2635231383473649,False,큰진폭1.00
554,부산공장|백미|기타,0.3139630627253913,LOW_CONF,0.08159971585084105,0.11930347269943342,0.23193786428403937,1.0,0.3008311968254814,False,큰진폭1.00; 낮은신뢰도0.12
555,부산공장|백미|합성수지류,0.3114206579979414,LOW,0.0,0.6230567534865864,0.22654048324984485,1.0,0.0,False,큰진폭1.00
556,인천1)당|국판당 소물|포장불량,0.3047420806026327,LOW_CONF,0.36141883024975036,0.0,0.2048898371395147,1.0,0.10495681705414132,False,큰진폭1.00; 낮은신뢰도0.00
557,두메|하선정찬류|기타변질,0.3011086618281509,LOW,0.193230173675062,0.3125017355076569,0.06252692062635076,1.0,0.2341464528954235,False,큰진폭1.00
558,부산공장|저탄수|곰팡이,0.2988348439558608,LOW,0.1777598976929119,0.5411433877080416,0.023284702931972875,1.0,0.1256297269074015,False,큰진폭1.00
559,진천BC|파우치 죽(일반)|기타,0.2900679004149219,LOW_CONF,0.0,0.0,0.13355966804973968,1.0,0.5,False,큰진폭1.00; 변곡위험0.50; 낮은신뢰도0.00
560,진천)육가공|B2C 스팸단품|변색,0.2849771972987321,LOW_CONF,0.09363476911671648,0.0,0.25833676853594123,1.0,0.19374606457303215,False,큰진폭1.00; 낮은신뢰도0.00
561,남원공장|우동|기타,0.2843639791339704,LOW_CONF,0.2507735045339352,0.0,0.2806975940906113,1.0,0.0,False,큰진폭1.00; 낮은신뢰도0.00
562,진천BC|비비고포기김치|기타,0.27837031172685933,LOW_CONF,0.23267045058773367,0.0,0.12064225050182908,1.0,0.22821773229381923,False,큰진폭1.00; 낮은신뢰도0.00
563,논산1공장|가정용다담|맛,0.26369314491646406,LOW_CONF,0.18312386182596688,0.0,0.07055557704591986,1.0,0.2795084971874737,False,큰진폭1.00; 낮은신뢰도0.00
564,진천BC|완자류|합성수지류,0.263599082822874,LOW_CONF,0.34184600977623614,0.0,0.15076626955875588,1.0,0.0,False,큰진폭1.00; 낮은신뢰도0.00
565,동화식품|수입콩두부|팽창,0.25703711186340283,LOW_CONF,0.053997972641960094,0.0,0.09807402285634899,1.0,0.33407655239053047,False,큰진폭1.00; 낮은신뢰도0.00
566,진천BC|파우치 죽(일반)|곰팡이,0.25074189746833275,LOW_CONF,0.38474633873699826,0.0,0.07930876573644362,1.0,0.0,False,큰진폭1.00; 낮은신뢰도0.00
567,진천)육가공|B2C 스팸번들기획|기타변질,0.24100354180724792,LOW_CONF,0.2083266847235062,0.0,0.1644606828751556,1.0,0.0,False,큰진폭1.00; 낮은신뢰도0.00
568,한우물 영농조합|주먹밥|기타,0.23184142081756282,LOW_CONF,,0.0,0.11824378884683424,1.0,0.0,False,큰진폭1.00; 낮은신뢰도0.00
569,진천BC|더건강한 닭가슴살|기타이물류,0.22958959109657723,LOW_CONF,,0.0,0.11223890959087268,1.0,0.0,False,큰진폭1.00; 낮은신뢰도0.00
570,부산공장|프리미엄덮밥|동물성이물,0.22567159353180555,LOW_CONF,0.04871391746717197,0.0,0.0941329732205024,1.0,0.18844459036110225,False,큰진폭1.00; 낮은신뢰도0.00
571,한우물 영농조합|주먹밥|합성수지류,0.2123444303124321,LOW_CONF,0.0,0.0,0.20781476770810706,1.0,0.0,False,큰진폭1.00; 낮은신뢰도0.00
572,진천BC|비비고별미김치|변화,0.2116409859309518,LOW_CONF,0.0,0.0,0.03033430727226133,1.0,0.2627034687463669,False,큰진폭1.00; 낮은신뢰도0.00
573,남원공장|(냉동)칼국수|중량수량미달,0.20895200390426974,LOW_CONF,0.0,0.0,0.19650667968089913,1.0,0.0,False,큰진폭1.00; 낮은신뢰도0.00
574,진천BC|사각햄|공정이물류,0.20526960525291008,LOW_CONF,,0.0,0.0473856140077603,1.0,0.0,False,큰진폭1.00; 낮은신뢰도0.00
575,쌍인|과일젤리|포장불량,0.19018308883274865,LOW_CONF,,0.0,0.007154903553996494,1.0,0.0,False,큰진폭1.00; 낮은신뢰도0.00
576,한우물 영농조합|주먹밥|변화,0.1891555361786147,LOW_CONF,,0.0,0.00441476314297258,1.0,0.0,False,큰진폭1.00; 낮은신뢰도0.00
577,탕산율원식품|맛간식|인체이물류,0.1876645892719784,LOW_CONF,0.06858189299772088,0.0,0.07982736890811414,1.0,0.0,False,큰진폭1.00; 낮은신뢰도0.00
578,진천BC|백미|관능,0.18749999999999997,LOW_CONF,,0.0,0.0,1.0,0.0,False,큰진폭1.00; 낮은신뢰도0.00
579,쌍인|과일젤리|곰팡이,0.18749999999999997,LOW_CONF,,0.0,0.0,1.0,0.0,False,큰진폭1.00; 낮은신뢰도0.00
580,쌍인|과일젤리|식물성이물,0.18749999999999997,LOW_CONF,,0.0,0.0,1.0,0.0,False,큰진폭1.00; 낮은신뢰도0.00
581,진천BC|비비고포기김치|관능,0.18749999999999997,LOW_CONF,,0.0,0.0,1.0,0.0,False,큰진폭1.00; 낮은신뢰도0.00
582,부산공장|백미|관능,0.18749999999999997,LOW_CONF,,0.0,0.0,1.0,0.0,False,큰진폭1.00; 낮은신뢰도0.00
583,논산1공장|프리미엄 국물|관능,0.18749999999999997,LOW_CONF,,0.0,0.0,1.0,0.0,False,큰진폭1.00; 낮은신뢰도0.00
584,진천BC|비비고별미김치|관능,0.18749999999999997,LOW_CONF,,0.0,0.0,1.0,0.0,False,큰진폭1.00; 낮은신뢰도0.00
585,진천BC|죽(용기)|중량수량미달,0.18293321391992642,LOW_CONF,0.0,0.0,0.1097773797330881,1.0,0.0,False,큰진폭1.00; 낮은신뢰도0.00
586,남원공장|(냉동)칼국수|포장불량,0.18061836850510724,LOW_CONF,0.0,0.0,0.10206122835035747,1.0,0.0,False,큰진폭1.00; 낮은신뢰도0.00
587,부산공장|BIG컵반(컵)|인체이물류,0.17379262972093307,LOW_CONF,0.0,0.0,0.07930876573644362,1.0,0.0,False,큰진폭1.00; 낮은신뢰도0.00
588,진천)육가공|B2C 스팸번들기획|포장불량,0.1696433859239838,LOW_CONF,0.0,0.0,0.06547795307994607,1.0,0.0,False,큰진폭1.00; 낮은신뢰도0.00
