series_id,total_score,growth_score,volatility_score,seasonality_score,acceleration_score,forecast_mean,historical_mean,forecast_max,historical_max,growth_rate_pct,details,rank
진천)육가공|후랑크|공정이물류,61.36411131642976,61.04031804694217,0.0,100.0,100.0,0.7157347468752985,0.4444444444444444,0.7564623423873565,2.0,61.04031804694217,"{'weights': {'growth': 0.35, 'volatility': 0.25, 'seasonality': 0.2, 'acceleration': 0.2}, 'recent_slope': -0.028571428571428543, 'forecast_slope': 0.016049451440205025}",1
진천)육가공|후랑크|동물성이물,61.204290853978854,86.20185326576554,0.0,55.16821105480461,100.0,1.293068425456705,0.6944444444444444,1.4034166346082813,4.0,86.20185326576554,"{'weights': {'growth': 0.35, 'volatility': 0.25, 'seasonality': 0.2, 'acceleration': 0.2}, 'recent_slope': -0.5714285714285714, 'forecast_slope': 0.04316846934287348}",2
소디프|꼬지형|합성수지류,55.0,100.0,0.0,100.0,0.0,0.7258114726718304,0.3611111111111111,1.009591979687706,2.0,100.99394627835305,"{'weights': {'growth': 0.35, 'volatility': 0.25, 'seasonality': 0.2, 'acceleration': 0.2}, 'recent_slope': 0.3999999999999999, 'forecast_slope': -0.10322387206428262}",3
진천BC|치킨|동물성이물,52.50498240996486,35.72852117132817,0.0,100.0,100.0,7.125747361494729,5.25,7.273857492058902,16.0,35.72852117132817,"{'weights': {'growth': 0.35, 'volatility': 0.25, 'seasonality': 0.2, 'acceleration': 0.2}, 'recent_slope': -0.5428571428571436, 'forecast_slope': 0.05891846413666935}",4
진천BC|비비고 한식반찬|공정이물류,50.79783795620299,87.99382273200855,0.0,0.0,100.0,1.0444101262889365,0.5555555555555556,1.12345298031232,3.0,87.99382273200855,"{'weights': {'growth': 0.35, 'volatility': 0.25, 'seasonality': 0.2, 'acceleration': 0.2}, 'recent_slope': -0.6571428571428569, 'forecast_slope': 0.030998119249521908}",5
진천BC|비비고썰은김치|식물성이물,47.59212132432865,78.83463235522473,0.0,100.0,0.0,1.0432020220721443,0.5833333333333334,1.1182552931878094,2.0,78.83463235522473,"{'weights': {'growth': 0.35, 'volatility': 0.25, 'seasonality': 0.2, 'acceleration': 0.2}, 'recent_slope': 0.11428571428571425, 'forecast_slope': 0.029461737515633808}",6
부산공장|잡곡|식물성이물,45.81609196798907,73.76026276568305,0.0,100.0,0.0,0.7722678345141468,0.4444444444444444,0.8221428563973182,3.0,73.76026276568305,"{'weights': {'growth': 0.35, 'volatility': 0.25, 'seasonality': 0.2, 'acceleration': 0.2}, 'recent_slope': 0.1142857142857143, 'forecast_slope': 0.019615248812713496}",7
진천)육가공|베이컨|공정이물류,45.6486776737041,16.13907906772599,0.0,100.0,100.0,0.7419996718215827,0.6388888888888888,0.7525536618096875,5.0,16.13907906772599,"{'weights': {'growth': 0.35, 'volatility': 0.25, 'seasonality': 0.2, 'acceleration': 0.2}, 'recent_slope': -0.2857142857142856, 'forecast_slope': 0.00420567683937594}",8
진천)육가공|슬라이스|합성수지류,43.80597641199949,17.23203102611493,0.0,88.8738277642963,100.0,0.9443691388214814,0.8055555555555556,0.9632433811209579,3.0,17.23203102611493,"{'weights': {'growth': 0.35, 'volatility': 0.25, 'seasonality': 0.2, 'acceleration': 0.2}, 'recent_slope': -0.28571428571428564, 'forecast_slope': 0.007509788206119699}",9
뚜또|과일젤리|기타이물류,43.614998166677466,10.328566190507061,0.0,100.0,100.0,0.45970235912711277,0.4166666666666667,0.4634526982476846,2.0,10.328566190507061,"{'weights': {'growth': 0.35, 'volatility': 0.25, 'seasonality': 0.2, 'acceleration': 0.2}, 'recent_slope': -0.11428571428571427, 'forecast_slope': 0.0014968830266330296}",10
진천BC|비엔나|공정이물류,41.87833881016616,28.130564683610267,0.0,60.163205854512846,100.0,1.0677547056967522,0.8333333333333334,1.0966879411044423,4.0,28.130564683610267,"{'weights': {'growth': 0.35, 'volatility': 0.25, 'seasonality': 0.2, 'acceleration': 0.2}, 'recent_slope': -0.08571428571428574, 'forecast_slope': 0.011490587425276552}",11
진천)육가공|미트편의식|식물성이물,40.642878694800345,58.97965341371527,0.0,100.0,0.0,0.7948982670685764,0.5,0.8375728620387136,3.0,58.97965341371527,"{'weights': {'growth': 0.35, 'volatility': 0.25, 'seasonality': 0.2, 'acceleration': 0.2}, 'recent_slope': 0.057142857142857106, 'forecast_slope': 0.01683071174186837}",12
진천BC|치킨|합성수지류,39.84468999708628,0.0,0.0,100.0,99.22344998543137,0.5496775562599346,0.6111111111111112,0.5580313799679175,5.0,-10.05276352110161,"{'weights': {'growth': 0.35, 'volatility': 0.25, 'seasonality': 0.2, 'acceleration': 0.2}, 'recent_slope': -0.4285714285714285, 'forecast_slope': -0.00332807149100839}",13
진천)육가공|미트편의식|기타이물류,39.83821397113721,0.0,0.0,100.0,99.19106985568604,0.3377446138087887,0.3611111111111111,0.3383226847094133,2.0,-6.4707223298739045,"{'weights': {'growth': 0.35, 'volatility': 0.25, 'seasonality': 0.2, 'acceleration': 0.2}, 'recent_slope': -0.028571428571428577, 'forecast_slope': -0.00023112289837541453}",14
우양냉동(장항)|핫도그|기타이물류,39.656947644206454,0.0,0.0,100.0,98.28473822103227,0.5440365485765355,0.5833333333333334,0.5501809028907012,4.0,-6.736591672593921,"{'weights': {'growth': 0.35, 'volatility': 0.25, 'seasonality': 0.2, 'acceleration': 0.2}, 'recent_slope': -0.1428571428571428, 'forecast_slope': -0.002450373969953899}",15
진천)육가공|더건강한 닭가슴살|합성수지류,39.565276069063074,0.0,0.0,100.0,97.82638034531537,0.8052298839117179,0.9722222222222222,0.8255488167771434,5.0,-17.17635479765187,"{'weights': {'growth': 0.35, 'volatility': 0.25, 'seasonality': 0.2, 'acceleration': 0.2}, 'recent_slope': -0.3714285714285712, 'forecast_slope': -0.008073444431685733}",16
인천냉동식품|비비고 수제만두|동물성이물,39.40223219679656,0.0,0.0,100.0,97.01116098398279,0.9045355647544441,1.2222222222222223,0.9325169991432067,3.0,-25.992544701909125,"{'weights': {'growth': 0.35, 'volatility': 0.25, 'seasonality': 0.2, 'acceleration': 0.2}, 'recent_slope': -0.3714285714285714, 'forecast_slope': -0.01110140205949253}",17
교동(HMR)_1공장|일반 국물|합성수지류,38.52294900362826,52.922711438937895,0.0,0.0,100.0,0.5946994333736474,0.3888888888888889,0.6228529349415488,3.0,52.922711438937895,"{'weights': {'growth': 0.35, 'volatility': 0.25, 'seasonality': 0.2, 'acceleration': 0.2}, 'recent_slope': -0.5142857142857143, 'forecast_slope': 0.011121937147829141}",18
남원공장|용기면|인체이물류,38.08834758553418,0.0,0.0,90.4417379276709,100.0,0.31740289654611814,0.3333333333333333,0.3177610192684836,2.0,-4.779131036164552,"{'weights': {'growth': 0.35, 'volatility': 0.25, 'seasonality': 0.2, 'acceleration': 0.2}, 'recent_slope': -0.028571428571428577, 'forecast_slope': 0.0001432060086034769}",19
진천BC|백미|합성수지류,37.56495543182885,0.0,0.0,100.0,87.82477715914425,0.7857227420461177,1.3888888888888888,0.8569564790289178,4.0,-43.427962572679526,"{'weights': {'growth': 0.35, 'volatility': 0.25, 'seasonality': 0.2, 'acceleration': 0.2}, 'recent_slope': -0.22857142857142862, 'forecast_slope': -0.027829080779098875}",20
우양냉동(장항)|핫도그|공정이물류,37.060622306839235,0.0,0.0,86.49856671894487,98.80454481525128,0.9324928335947243,0.9722222222222222,0.9401948089904985,4.0,-4.086451401685495,"{'weights': {'growth': 0.35, 'volatility': 0.25, 'seasonality': 0.2, 'acceleration': 0.2}, 'recent_slope': -0.2571428571428571, 'forecast_slope': -0.0030740276179253164}",21
진천BC|더건강한 닭가슴살|동물성이물,36.714305932861585,0.0,0.0,100.0,83.57152966430792,2.9494710981107364,6.527777777777778,3.5421421637862482,19.0,-54.81661296511212,"{'weights': {'growth': 0.35, 'volatility': 0.25, 'seasonality': 0.2, 'acceleration': 0.2}, 'recent_slope': -1.3714285714285717, 'forecast_slope': -0.22530473603234863}",22
하이푸드텍|꼬지형|동물성이물,35.72843165642432,0.0,0.0,83.84352742769542,94.79863085442616,0.306405879046159,0.5,0.3252847757176474,2.0,-38.718824190768196,"{'weights': {'growth': 0.35, 'volatility': 0.25, 'seasonality': 0.2, 'acceleration': 0.2}, 'recent_slope': -0.1428571428571428, 'forecast_slope': -0.007430527350819759}",23
진천BC|B2B비비고|동물성이물,34.23837912904169,0.0,0.0,78.89869055578833,92.2932050894201,0.2981644842596472,0.5833333333333334,0.3149246322334418,4.0,-48.88608841263191,"{'weights': {'growth': 0.35, 'volatility': 0.25, 'seasonality': 0.2, 'acceleration': 0.2}, 'recent_slope': -0.08571428571428574, 'forecast_slope': -0.006605824209068502}",24
진천BC|비엔나|형태,34.13194461922077,0.0,0.0,76.48204228855712,94.17768080754671,0.2941367371475952,0.9722222222222222,0.3240262686175502,4.0,-69.74593560767592,"{'weights': {'growth': 0.35, 'volatility': 0.25, 'seasonality': 0.2, 'acceleration': 0.2}, 'recent_slope': -0.19999999999999996, 'forecast_slope': -0.011644638384906605}",25
뚜또|과일젤리|인체이물류,33.86144099020156,0.0,0.0,73.17357173035843,96.13363322064934,0.8658678586517922,1.1666666666666667,0.9078248320001684,4.0,-25.782754972703533,"{'weights': {'growth': 0.35, 'volatility': 0.25, 'seasonality': 0.2, 'acceleration': 0.2}, 'recent_slope': -0.4285714285714284, 'forecast_slope': -0.016570143340074204}",26
진천)육가공|미트편의식|합성수지류,32.49274448319792,13.539196326874997,0.0,38.77012884395834,100.0,0.6938506442197917,0.6111111111111112,0.7020053082085992,3.0,13.539196326874997,"{'weights': {'growth': 0.35, 'volatility': 0.25, 'seasonality': 0.2, 'acceleration': 0.2}, 'recent_slope': -0.08571428571428569, 'forecast_slope': 0.0032516919789279037}",27
우양냉동(장항)|핫도그|인체이물류,30.654817239117605,0.0,0.0,62.35204432039508,90.92204187519293,0.5411734810679836,0.5833333333333334,0.5476784850665436,3.0,-7.227403245488535,"{'weights': {'growth': 0.35, 'volatility': 0.25, 'seasonality': 0.2, 'acceleration': 0.2}, 'recent_slope': -0.028571428571428577, 'forecast_slope': -0.0025937023213734494}",28
인천냉동식품|비비고 수제만두|합성수지류,30.5229942785558,0.0,0.0,100.0,52.61497139277898,1.7067140515279264,2.388888888888889,1.8098761846379288,8.0,-28.556155982551918,"{'weights': {'growth': 0.35, 'volatility': 0.25, 'seasonality': 0.2, 'acceleration': 0.2}, 'recent_slope': -0.08571428571428555, 'forecast_slope': -0.040615738806189364}",29
진천BC|백미|곰팡이,29.44549736000714,11.540283892320046,0.0,27.0319899884756,100.0,1.270319899884756,1.1388888888888888,1.2865904971103235,5.0,11.540283892320046,"{'weights': {'growth': 0.35, 'volatility': 0.25, 'seasonality': 0.2, 'acceleration': 0.2}, 'recent_slope': -0.3714285714285715, 'forecast_slope': 0.006486126507263858}",30
진천)육가공|미트편의식|동물성이물,28.47694659724842,31.115622927615327,0.0,87.9323928629153,0.0,1.5661032738576275,1.1944444444444444,1.613824400649674,4.0,31.115622927615327,"{'weights': {'growth': 0.35, 'volatility': 0.25, 'seasonality': 0.2, 'acceleration': 0.2}, 'recent_slope': 0.457142857142857, 'forecast_slope': 0.018935261631177366}",31
삼해상사(김포)|국판삼해김|형태,27.658076693223727,10.573076517453634,0.0,19.787499560574773,100.0,0.3992916652019159,0.3611111111111111,0.40261818668941435,3.0,10.573076517453634,"{'weights': {'growth': 0.35, 'volatility': 0.25, 'seasonality': 0.2, 'acceleration': 0.2}, 'recent_slope': -0.39999999999999997, 'forecast_slope': 0.001327662621780462}",32
하이푸드텍|꼬지형|인체이물류,27.53666417163063,78.67618334751609,0.0,0.0,0.0,0.5955872778250536,0.3333333333333333,0.6372462263223037,2.0,78.67618334751609,"{'weights': {'growth': 0.35, 'volatility': 0.25, 'seasonality': 0.2, 'acceleration': 0.2}, 'recent_slope': 0.11428571428571431, 'forecast_slope': 0.016361379406535547}",33
진천)육가공|성형햄|동물성이물,27.366493853817474,21.04712529662135,0.0,100.0,0.0,0.3362420147128371,0.2777777777777778,0.3426531260796892,1.0,21.04712529662135,"{'weights': {'growth': 0.35, 'volatility': 0.25, 'seasonality': 0.2, 'acceleration': 0.2}, 'recent_slope': 0.1428571428571428, 'forecast_slope': 0.0025515071323340345}",34
남원공장|우동|인체이물류,27.08200660585201,0.0,0.0,37.22322689555931,98.18680613370073,0.2287053781592655,0.3333333333333333,0.2391923536802869,2.0,-31.388386552220343,"{'weights': {'growth': 0.35, 'volatility': 0.25, 'seasonality': 0.2, 'acceleration': 0.2}, 'recent_slope': -0.22857142857142848, 'forecast_slope': -0.004144443122969756}",35
진천BC|고메피자(클래식)|합성수지류,26.774607555155328,5.899327237409132,0.0,23.549215110310662,100.0,0.41183071703436885,0.3888888888888889,0.4132152842343298,2.0,5.899327237409132,"{'weights': {'growth': 0.35, 'volatility': 0.25, 'seasonality': 0.2, 'acceleration': 0.2}, 'recent_slope': -0.17142857142857149, 'forecast_slope': 0.0005533310470138017}",36
진천BC|더건강한 닭가슴살|합성수지류,26.44310918145422,18.40888337558348,0.0,0.0,100.0,0.624935773371135,0.5277777777777778,0.6353300838036918,2.0,18.40888337558348,"{'weights': {'growth': 0.35, 'volatility': 0.25, 'seasonality': 0.2, 'acceleration': 0.2}, 'recent_slope': -0.37142857142857133, 'forecast_slope': 0.004139408646026638}",37
진천)육가공|슬라이스|기타이물류,26.291917278986254,17.9769065113893,0.0,100.0,0.0,0.45879908087762505,0.3888888888888889,0.46632838678505506,1.0,17.9769065113893,"{'weights': {'growth': 0.35, 'volatility': 0.25, 'seasonality': 0.2, 'acceleration': 0.2}, 'recent_slope': 0.057142857142857155, 'forecast_slope': 0.0029986308438490206}",38
진천BC|비비고 한식반찬|합성수지류,24.918300180283293,0.0,0.0,34.423151812006125,90.16834908941034,1.5682701044734049,1.9166666666666667,1.6107086269505029,10.0,-18.17721194051801,"{'weights': {'growth': 0.35, 'volatility': 0.25, 'seasonality': 0.2, 'acceleration': 0.2}, 'recent_slope': -0.17142857142857146, 'forecast_slope': -0.016854258703868006}",39
우양냉동(장항)|핫도그|포장불량,23.69761357570675,10.564610216305002,0.0,0.0,100.0,0.6756726179885306,0.6111111111111112,0.681325421172943,5.0,10.564610216305002,"{'weights': {'growth': 0.35, 'volatility': 0.25, 'seasonality': 0.2, 'acceleration': 0.2}, 'recent_slope': -0.057142857142857155, 'forecast_slope': 0.0022560941043562256}",40
씨푸드_성남|삼호부산|공정이물류,22.77321755064684,7.923478716133834,0.0,100.0,0.0,1.0492560430735234,0.9722222222222222,1.0588217478556754,6.0,7.923478716133834,"{'weights': {'growth': 0.35, 'volatility': 0.25, 'seasonality': 0.2, 'acceleration': 0.2}, 'recent_slope': 0.3428571428571428, 'forecast_slope': 0.0038170146638491632}",41
부산공장|백미|합성수지류,22.75682356117436,0.0,0.0,19.888983674390403,93.8951341314814,0.3996299455813013,0.75,0.43078193210732335,4.0,-46.71600725582649,"{'weights': {'growth': 0.35, 'volatility': 0.25, 'seasonality': 0.2, 'acceleration': 0.2}, 'recent_slope': -0.19999999999999996, 'forecast_slope': -0.012209731737037191}",42
우양냉동(장항)|핫도그|기타,22.676375235645388,7.646786387558251,0.0,100.0,0.0,0.867154668121997,0.8055555555555556,0.8718129278113697,4.0,7.646786387558251,"{'weights': {'growth': 0.35, 'volatility': 0.25, 'seasonality': 0.2, 'acceleration': 0.2}, 'recent_slope': 0.17142857142857143, 'forecast_slope': 0.0018606405922874318}",43
씨푸드_이천|국판조미김|포장불량,21.705458858965898,0.0,0.0,10.350906986061482,98.17638730876801,0.7356727132404098,1.0,0.7593192050514703,6.0,-26.432728675959016,"{'weights': {'growth': 0.35, 'volatility': 0.25, 'seasonality': 0.2, 'acceleration': 0.2}, 'recent_slope': -0.5142857142857142, 'forecast_slope': -0.009378579554907444}",44
진천BC|백미|기타이물류,21.307504361577575,0.0,0.0,11.485856283095174,95.0516655247927,2.2297171256619035,2.75,2.290237256203544,9.0,-18.919377248658055,"{'weights': {'growth': 0.35, 'volatility': 0.25, 'seasonality': 0.2, 'acceleration': 0.2}, 'recent_slope': -0.48571428571428577, 'forecast_slope': -0.02403476745100689}",45
삼해상사(부안1)|국판조미김|합성수지류,20.0,0.0,0.0,0.0,100.0,0.0,1.0277777777777777,0.0,4.0,-100.0,"{'weights': {'growth': 0.35, 'volatility': 0.25, 'seasonality': 0.2, 'acceleration': 0.2}, 'recent_slope': -0.1428571428571428, 'forecast_slope': 0.0}",46
신라에스지|미니소시지|기타이물류,20.0,0.0,0.0,0.0,100.0,0.0,0.3888888888888889,0.0,2.0,-100.0,"{'weights': {'growth': 0.35, 'volatility': 0.25, 'seasonality': 0.2, 'acceleration': 0.2}, 'recent_slope': -0.11428571428571425, 'forecast_slope': 0.0}",47
푸드웨어|비비고 수제만두|합성수지류,20.0,0.0,0.0,0.0,100.0,0.0,1.4722222222222223,0.0,8.0,-100.0,"{'weights': {'growth': 0.35, 'volatility': 0.25, 'seasonality': 0.2, 'acceleration': 0.2}, 'recent_slope': -0.057142857142857155, 'forecast_slope': 0.0}",48
진천BC|비비고썰은김치|인체이물류,20.0,0.0,0.0,0.0,100.0,0.0,0.7777777777777778,0.0,3.0,-100.0,"{'weights': {'growth': 0.35, 'volatility': 0.25, 'seasonality': 0.2, 'acceleration': 0.2}, 'recent_slope': -0.11428571428571425, 'forecast_slope': 0.0}",49
에스앤푸드|수입콩두부|기타이물류,20.0,0.0,0.0,100.0,0.0,0.38422452968119386,0.4166666666666667,0.3890650149390114,2.0,-7.786112876513478,"{'weights': {'growth': 0.35, 'volatility': 0.25, 'seasonality': 0.2, 'acceleration': 0.2}, 'recent_slope': 0.1142857142857143, 'forecast_slope': -0.0019297230984190491}",50
공주공장|된장업소용|변화,19.999999963495515,0.0,0.0,0.0,99.99999981747757,3.850238459941532e-10,0.8888888888888888,9.046141078640083e-10,5.0,-99.99999995668483,"{'weights': {'growth': 0.35, 'volatility': 0.25, 'seasonality': 0.2, 'acceleration': 0.2}, 'recent_slope': -0.08571428571428574, 'forecast_slope': -1.5644779787280373e-10}",51
남원공장|냉면|합성수지류,19.99995147963434,0.0,0.0,0.0,99.9997573981717,1.5832983272996073e-06,0.4722222222222222,3.943726854278816e-06,3.0,-99.9996647132954,"{'weights': {'growth': 0.35, 'volatility': 0.25, 'seasonality': 0.2, 'acceleration': 0.2}, 'recent_slope': -0.2857142857142856, 'forecast_slope': -6.93148080861458e-07}",52
진천BC|백미|미생물,19.999951061316125,0.0,0.0,0.0,99.99975530658062,4.519696784649426e-05,26.055555555555557,0.00016849042038101926,473.0,-99.99982653615753,"{'weights': {'growth': 0.35, 'volatility': 0.25, 'seasonality': 0.2, 'acceleration': 0.2}, 'recent_slope': -12.057142857142855, 'forecast_slope': -2.9503035136918798e-05}",53
진천BC|PSPS|동물성이물,19.986752500829763,0.0,0.0,0.0,99.9337625041488,0.0017748409031251048,0.4722222222222222,0.00268303401280992,2.0,-99.62415133816174,"{'weights': {'growth': 0.35, 'volatility': 0.25, 'seasonality': 0.2, 'acceleration': 0.2}, 'recent_slope': -0.48571428571428543, 'forecast_slope': -0.0003217249798486663}",54
씨푸드_이천|국판조미김|합성수지류,19.973896781059764,0.0,0.0,0.0,99.86948390529882,0.0008228334215666434,0.4166666666666667,0.0013658089947630112,2.0,-99.80251997882401,"{'weights': {'growth': 0.35, 'volatility': 0.25, 'seasonality': 0.2, 'acceleration': 0.2}, 'recent_slope': -0.1428571428571428, 'forecast_slope': -0.00018645156385881372}",55
사수리풍|당면|기타이물류,19.943478629784437,0.0,0.0,0.0,99.71739314892217,0.008752572207151636,0.3611111111111111,0.010448857135957439,3.0,-97.57621077340416,"{'weights': {'growth': 0.35, 'volatility': 0.25, 'seasonality': 0.2, 'acceleration': 0.2}, 'recent_slope': -0.22857142857142848, 'forecast_slope': -0.0006459585167493216}",56
진천BC|고메피자(클래식)|인체이물류,19.92016849439251,0.0,0.0,0.0,99.60084247196254,0.001973737708669205,0.4444444444444444,0.0037087215073773284,4.0,-99.55590901554943,"{'weights': {'growth': 0.35, 'volatility': 0.25, 'seasonality': 0.2, 'acceleration': 0.2}, 'recent_slope': -0.1428571428571428, 'forecast_slope': -0.0005702250400535341}",57
공주공장|된장가정용|변화,19.901103086126213,0.0,0.0,0.0,99.50551543063106,0.006643245499620688,1.9722222222222223,0.008539031398029862,6.0,-99.66315938311783,"{'weights': {'growth': 0.35, 'volatility': 0.25, 'seasonality': 0.2, 'acceleration': 0.2}, 'recent_slope': -0.1428571428571428, 'forecast_slope': -0.0007064065276698876}",58
진천BC|백미|식물성이물,19.862380796810186,0.0,0.0,0.0,99.31190398405091,0.01483245804860985,0.7777777777777778,0.03262546219700234,5.0,-98.09296967946445,"{'weights': {'growth': 0.35, 'volatility': 0.25, 'seasonality': 0.2, 'acceleration': 0.2}, 'recent_slope': -0.7999999999999999, 'forecast_slope': -0.005504768127592729}",59
진천BC|더건강한 닭가슴살|인체이물류,19.790118880100778,0.0,0.0,0.0,98.95059440050389,0.5381877956374791,0.5555555555555556,0.5419426385567943,3.0,-3.1261967852537675,"{'weights': {'growth': 0.35, 'volatility': 0.25, 'seasonality': 0.2, 'acceleration': 0.2}, 'recent_slope': -0.1428571428571428, 'forecast_slope': -0.0014991508564230222}",60
부산공장|일반국밥|포장불량,19.78161646064226,0.0,0.0,0.0,98.9080823032113,0.002293953316337488,0.4722222222222222,0.005406399019449458,5.0,-99.51422165065796,"{'weights': {'growth': 0.35, 'volatility': 0.25, 'seasonality': 0.2, 'acceleration': 0.2}, 'recent_slope': -0.08571428571428574, 'forecast_slope': -0.0009359294543903095}",61
진천BC|비비고 한식반찬|인체이물류,19.716826221229518,0.0,0.0,0.0,98.58413110614758,0.011791846144108121,1.0555555555555556,0.02459519012206886,4.0,-98.88287773371607,"{'weights': {'growth': 0.35, 'volatility': 0.25, 'seasonality': 0.2, 'acceleration': 0.2}, 'recent_slope': -0.28571428571428564, 'forecast_slope': -0.004045339696721218}",62
부산공장|프리미엄덮밥|식물성이물,19.71040341667552,0.0,0.0,0.0,98.55201708337759,0.0026309237919839353,0.5833333333333334,0.009363177337113551,4.0,-99.54898449280275,"{'weights': {'growth': 0.35, 'volatility': 0.25, 'seasonality': 0.2, 'acceleration': 0.2}, 'recent_slope': -0.11428571428571427, 'forecast_slope': -0.00165483761899702}",63
진천BC|까스류|공정이물류,19.7060320174018,0.0,0.0,0.0,98.530160087009,0.5098982221002263,0.7777777777777778,0.5354295381046099,5.0,-34.44165715854234,"{'weights': {'growth': 0.35, 'volatility': 0.25, 'seasonality': 0.2, 'acceleration': 0.2}, 'recent_slope': -0.6857142857142855, 'forecast_slope': -0.010078902260509765}",64
진천)육가공|B2B 스팸|포장불량,19.65864177901695,0.0,0.0,0.0,98.29320889508475,0.011074302470329521,0.5555555555555556,0.019822023711283047,5.0,-98.0066255553407,"{'weights': {'growth': 0.35, 'volatility': 0.25, 'seasonality': 0.2, 'acceleration': 0.2}, 'recent_slope': -0.17142857142857149, 'forecast_slope': -0.002925927608426136}",65
진천BC|비비고 한식반찬|동물성이물,19.645848111895766,0.0,0.0,0.0,98.22924055947882,1.18272504269977,8.944444444444445,1.351996943881988,21.0,-86.776987100251,"{'weights': {'growth': 0.35, 'volatility': 0.25, 'seasonality': 0.2, 'acceleration': 0.2}, 'recent_slope': -3.6857142857142837, 'forecast_slope': -0.06526513366492304}",66
인천냉동식품|비비고 왕교자|공정이물류,19.618006182146797,0.0,0.0,0.0,98.09003091073397,0.09073410230702246,1.4444444444444444,0.11400839667842874,7.0,-93.71840830182153,"{'weights': {'growth': 0.35, 'volatility': 0.25, 'seasonality': 0.2, 'acceleration': 0.2}, 'recent_slope': -0.45714285714285696, 'forecast_slope': -0.008731287265216122}",67
진천BC|비비고별미김치|인체이물류,19.599157021670436,0.0,0.0,0.0,97.99578510835218,0.02217543143559166,0.5555555555555556,0.03724439064351841,2.0,-96.0084223415935,"{'weights': {'growth': 0.35, 'volatility': 0.25, 'seasonality': 0.2, 'acceleration': 0.2}, 'recent_slope': -0.2571428571428571, 'forecast_slope': -0.005153695435665871}",68
부산공장|백미|미생물,19.590890401372654,0.0,0.0,0.0,97.95445200686326,0.08339045103682197,2.4444444444444446,0.15836882051310835,17.0,-96.58857245758456,"{'weights': {'growth': 0.35, 'volatility': 0.25, 'seasonality': 0.2, 'acceleration': 0.2}, 'recent_slope': -1.2, 'forecast_slope': -0.024546575917640822}",69
사수리풍|당면|공정이물류,19.50715800851527,0.0,0.0,0.0,97.53579004257634,0.14188781416566637,0.5555555555555556,0.1582074910646216,3.0,-74.46019345018006,"{'weights': {'growth': 0.35, 'volatility': 0.25, 'seasonality': 0.2, 'acceleration': 0.2}, 'recent_slope': -0.2571428571428571, 'forecast_slope': -0.006336539890517955}",70
신라에스지|미니소시지|인체이물류,19.487121054249883,0.0,0.0,0.0,97.43560527124941,0.12602028219085906,0.5277777777777778,0.145060699818545,3.0,-76.12247284804776,"{'weights': {'growth': 0.35, 'volatility': 0.25, 'seasonality': 0.2, 'acceleration': 0.2}, 'recent_slope': -0.2857142857142856, 'forecast_slope': -0.007326842082144527}",71
부산공장|일반덮밥|인체이물류,19.465348752325387,0.0,0.0,0.0,97.32674376162693,0.024928213829264485,0.3055555555555556,0.03101854042926277,2.0,-91.8416754740589,"{'weights': {'growth': 0.35, 'volatility': 0.25, 'seasonality': 0.2, 'acceleration': 0.2}, 'recent_slope': -0.08571428571428574, 'forecast_slope': -0.0022913624900340653}",72
논산1공장|프리미엄 국물|합성수지류,19.444180931896796,0.0,0.0,0.0,97.22090465948398,0.024485065373120587,0.7777777777777778,0.030839282743771738,3.0,-96.85192016631306,"{'weights': {'growth': 0.35, 'volatility': 0.25, 'seasonality': 0.2, 'acceleration': 0.2}, 'recent_slope': -0.08571428571428574, 'forecast_slope': -0.0023820817204423146}",73
진천BC|중식프라잉|합성수지류,19.403354630088135,0.0,0.0,0.0,97.01677315044067,0.18648715898398538,0.2777777777777778,0.19511513333352729,1.0,-32.86462276576527,"{'weights': {'growth': 0.35, 'volatility': 0.25, 'seasonality': 0.2, 'acceleration': 0.2}, 'recent_slope': -0.11428571428571427, 'forecast_slope': -0.0034094021137820838}",74
뚜또|과일젤리|식물성이물,19.397915634335085,0.0,0.0,0.0,96.98957817167542,0.4424558339182701,0.5555555555555556,0.4554583209381343,2.0,-20.357949894711385,"{'weights': {'growth': 0.35, 'volatility': 0.25, 'seasonality': 0.2, 'acceleration': 0.2}, 'recent_slope': -0.1714285714285714, 'forecast_slope': -0.005160723134270709}",75
인천냉동식품|물만두|인체이물류,19.384079963460717,0.0,0.0,0.0,96.92039981730358,0.2885922985499333,0.3888888888888889,0.2997031699536803,1.0,-25.790551801445726,"{'weights': {'growth': 0.35, 'volatility': 0.25, 'seasonality': 0.2, 'acceleration': 0.2}, 'recent_slope': -0.1428571428571428, 'forecast_slope': -0.004399428832423446}",76
삼해상사(김포)|국판삼해김|포장불량,19.36163335087139,0.0,0.0,0.0,96.80816675435695,0.594321729466173,2.4444444444444446,0.7017460041812129,8.0,-75.68683834002019,"{'weights': {'growth': 0.35, 'volatility': 0.25, 'seasonality': 0.2, 'acceleration': 0.2}, 'recent_slope': -1.285714285714285, 'forecast_slope': -0.04103785601541061}",77
상신(2공장_치킨)|치킨|동물성이물,19.35841029501419,0.0,0.0,0.0,96.79205147507093,0.001127930891153062,0.6944444444444444,0.005989396688297848,4.0,-99.83757795167396,"{'weights': {'growth': 0.35, 'volatility': 0.25, 'seasonality': 0.2, 'acceleration': 0.2}, 'recent_slope': -0.02857142857142859, 'forecast_slope': -0.000916556721408305}",78
인천2)유|진한참기름|포장불량,19.355976574145092,0.0,0.0,0.0,96.77988287072546,0.2364294841689685,0.3888888888888889,0.24807996956938222,2.0,-39.20384692797953,"{'weights': {'growth': 0.35, 'volatility': 0.25, 'seasonality': 0.2, 'acceleration': 0.2}, 'recent_slope': -0.1428571428571428, 'forecast_slope': -0.0046001673275350595}",79
논산1공장|가정용다담|기타이물류,19.337622985370988,0.0,0.0,0.0,96.68811492685494,0.21809557607200583,0.3888888888888889,0.23253768893265983,2.0,-43.91828043862707,"{'weights': {'growth': 0.35, 'volatility': 0.25, 'seasonality': 0.2, 'acceleration': 0.2}, 'recent_slope': -0.1714285714285714, 'forecast_slope': -0.0056775172682486654}",80
진천BC|까스류|합성수지류,19.333275419599154,0.0,0.0,0.0,96.66637709799576,0.1746164774748721,0.3611111111111111,0.18674057884518402,2.0,-51.64466777618926,"{'weights': {'growth': 0.35, 'volatility': 0.25, 'seasonality': 0.2, 'acceleration': 0.2}, 'recent_slope': -0.1428571428571428, 'forecast_slope': -0.004762318431434626}",81
푸드웨어|비비고 수제만두|동물성이물,19.318669245463692,0.0,0.0,0.0,96.59334622731845,0.03286694586764633,0.8055555555555556,0.04061219720032908,6.0,-95.91996534056804,"{'weights': {'growth': 0.35, 'volatility': 0.25, 'seasonality': 0.2, 'acceleration': 0.2}, 'recent_slope': -0.08571428571428574, 'forecast_slope': -0.002919988948012748}",82
삼해상사(김포)|국판삼해김|합성수지류,19.276952531644792,0.0,0.0,0.0,96.38476265822395,0.32626571544507615,1.0833333333333333,0.38861120508063274,5.0,-69.88316472814682,"{'weights': {'growth': 0.35, 'volatility': 0.25, 'seasonality': 0.2, 'acceleration': 0.2}, 'recent_slope': -0.6571428571428569, 'forecast_slope': -0.023757273960242603}",83
인천냉동식품|비비고 수제만두|식물성이물,19.268284840617206,0.0,0.0,0.0,96.34142420308602,0.026730976091274894,1.3055555555555556,0.04875510546423647,11.0,-97.95252098024278,"{'weights': {'growth': 0.35, 'volatility': 0.25, 'seasonality': 0.2, 'acceleration': 0.2}, 'recent_slope': -0.19999999999999996, 'forecast_slope': -0.007317151593827961}",84
인천냉동식품|물만두|합성수지류,19.262971639395566,0.0,0.0,0.0,96.31485819697782,0.3735267721569484,0.5555555555555556,0.38949923482776355,4.0,-32.76518101174929,"{'weights': {'growth': 0.35, 'volatility': 0.25, 'seasonality': 0.2, 'acceleration': 0.2}, 'recent_slope': -0.17142857142857149, 'forecast_slope': -0.006317385948038026}",85
진천BC|더건강한 닭가슴살|공정이물류,19.193142642442215,0.0,0.0,0.0,95.96571321221107,0.06132498712053231,0.7222222222222222,0.07666457292121884,4.0,-91.50884793715706,"{'weights': {'growth': 0.35, 'volatility': 0.25, 'seasonality': 0.2, 'acceleration': 0.2}, 'recent_slope': -0.1428571428571428, 'forecast_slope': -0.0057632668396984665}",86
부산공장|백미|기타이물류,19.174039667540697,0.0,0.0,0.0,95.87019833770348,0.18099214625164742,2.2222222222222223,0.2182845178464028,8.0,-91.85535341867586,"{'weights': {'growth': 0.35, 'volatility': 0.25, 'seasonality': 0.2, 'acceleration': 0.2}, 'recent_slope': -0.34285714285714275, 'forecast_slope': -0.01415931998501662}",87
공주공장|쌈장가정용|인체이물류,19.14271747998857,0.0,0.0,0.0,95.71358739994284,0.14837964737684844,0.3888888888888889,0.16411493927996687,2.0,-61.845233531667546,"{'weights': {'growth': 0.35, 'volatility': 0.25, 'seasonality': 0.2, 'acceleration': 0.2}, 'recent_slope': -0.1428571428571428, 'forecast_slope': -0.006123446571510236}",88
남원공장|손만두|동물성이물,19.11665795563366,0.0,0.0,0.0,95.5832897781683,0.32082946182126787,0.4444444444444444,0.33358163113559713,3.0,-27.813371090214726,"{'weights': {'growth': 0.35, 'volatility': 0.25, 'seasonality': 0.2, 'acceleration': 0.2}, 'recent_slope': -0.11428571428571427, 'forecast_slope': -0.005047668824950523}",89
진천)육가공|더건강한 닭가슴살|동물성이물,19.0349836558622,0.0,0.0,15.085603555823957,80.08931472348702,0.5754280177791198,2.9166666666666665,0.6953597962337517,10.0,-80.27103939043019,"{'weights': {'growth': 0.35, 'volatility': 0.25, 'seasonality': 0.2, 'acceleration': 0.2}, 'recent_slope': -0.2285714285714284, 'forecast_slope': -0.04551013777488677}",90
부산공장|프리미엄덮밥|기타이물류,19.024595149371365,0.0,0.0,0.0,95.12297574685682,0.4035554848862404,1.0555555555555556,0.44652841781380465,4.0,-61.768427747619334,"{'weights': {'growth': 0.35, 'volatility': 0.25, 'seasonality': 0.2, 'acceleration': 0.2}, 'recent_slope': -0.34285714285714275, 'forecast_slope': -0.016721226010776604}",91
인천냉동식품|비비고 수제만두|기타이물류,18.99633868553957,0.0,0.0,0.0,94.98169342769785,0.03354055592912627,0.8888888888888888,0.059121210774992064,4.0,-96.2266874579733,"{'weights': {'growth': 0.35, 'volatility': 0.25, 'seasonality': 0.2, 'acceleration': 0.2}, 'recent_slope': -0.17142857142857146, 'forecast_slope': -0.008602811266803708}",92
진천)육가공|스팸일반|인체이물류,18.991360494106118,0.0,0.0,0.0,94.95680247053059,0.16062025952292555,1.5277777777777777,0.17162262670846357,4.0,-89.48667392213578,"{'weights': {'growth': 0.35, 'volatility': 0.25, 'seasonality': 0.2, 'acceleration': 0.2}, 'recent_slope': -0.08571428571428574, 'forecast_slope': -0.00432274073954521}",93
진천)육가공|스팸일반|공정이물류,18.97369247994556,0.0,0.0,0.0,94.86846239972779,0.4547767939817244,4.666666666666667,0.5154730114081416,12.0,-90.2547829861059,"{'weights': {'growth': 0.35, 'volatility': 0.25, 'seasonality': 0.2, 'acceleration': 0.2}, 'recent_slope': -0.4571428571428571, 'forecast_slope': -0.023458457601244393}",94
진천BC|백미|공정이물류,18.96177275344109,0.0,0.0,0.0,94.80886376720544,0.6400199641900476,1.1388888888888888,0.7165042749201316,4.0,-43.803125095508015,"{'weights': {'growth': 0.35, 'volatility': 0.25, 'seasonality': 0.2, 'acceleration': 0.2}, 'recent_slope': -0.5714285714285713, 'forecast_slope': -0.029663635615968926}",95
부산공장|백미|식물성이물,18.94922796915462,0.0,0.0,0.0,94.7461398457731,0.1423465734114189,0.75,0.16178109318003034,5.0,-81.02045687847749,"{'weights': {'growth': 0.35, 'volatility': 0.25, 'seasonality': 0.2, 'acceleration': 0.2}, 'recent_slope': -0.14285714285714282, 'forecast_slope': -0.007505514506038424}",96
진천BC|치킨|공정이물류,18.90916197534431,0.0,0.0,0.0,94.54580987672155,0.13679532898898464,1.4722222222222223,0.5299797909703678,13.0,-90.70824180452179,"{'weights': {'growth': 0.35, 'volatility': 0.25, 'seasonality': 0.2, 'acceleration': 0.2}, 'recent_slope': -1.6857142857142855, 'forecast_slope': -0.09194206207812268}",97
인천냉동식품|비비고 왕교자|동물성이물,18.887891962812027,0.0,0.0,0.0,94.43945981406013,2.531989156693669,5.972222222222222,2.685334916579854,19.0,-57.60390249257112,"{'weights': {'growth': 0.35, 'volatility': 0.25, 'seasonality': 0.2, 'acceleration': 0.2}, 'recent_slope': -1.0857142857142854, 'forecast_slope': -0.06037157916163292}",98
씨푸드_이천|국판조미김|식물성이물,18.855970685270982,0.0,0.0,0.0,94.2798534263549,0.12568860496203973,0.4444444444444444,0.1470219324990511,2.0,-71.72006388354106,"{'weights': {'growth': 0.35, 'volatility': 0.25, 'seasonality': 0.2, 'acceleration': 0.2}, 'recent_slope': -0.1428571428571428, 'forecast_slope': -0.008171637962350113}",99
진천)육가공|꼬지형|동물성이물,18.832564712692157,0.0,0.0,0.0,94.16282356346078,0.25762225180331283,0.3333333333333333,0.266033336717594,2.0,-22.713324459006145,"{'weights': {'growth': 0.35, 'volatility': 0.25, 'seasonality': 0.2, 'acceleration': 0.2}, 'recent_slope': -0.05714285714285711, 'forecast_slope': -0.00333552939230813}",100
진천BC|햇반 파우치밥|포장불량,18.78968466555119,0.0,0.0,0.0,93.94842332775595,0.2053243246947578,1.3333333333333333,0.22755185082440904,7.0,-84.60067564789317,"{'weights': {'growth': 0.35, 'volatility': 0.25, 'seasonality': 0.2, 'acceleration': 0.2}, 'recent_slope': -0.1428571428571428, 'forecast_slope': -0.008645109531777216}",101
남원공장|손만두|합성수지류,18.782181721208087,0.0,0.0,0.0,93.91090860604042,0.2620712603686562,0.6388888888888888,0.2843042287298607,4.0,-58.98015055099294,"{'weights': {'growth': 0.35, 'volatility': 0.25, 'seasonality': 0.2, 'acceleration': 0.2}, 'recent_slope': -0.1428571428571428, 'forecast_slope': -0.00869870199137083}",102
진천BC|양식반찬|식물성이물,18.72960704316027,0.0,0.0,0.0,93.64803521580136,0.188304823353039,0.4444444444444444,0.2265151206427075,2.0,-57.631414745566225,"{'weights': {'growth': 0.35, 'volatility': 0.25, 'seasonality': 0.2, 'acceleration': 0.2}, 'recent_slope': -0.22857142857142848, 'forecast_slope': -0.014518776649596893}",103
진천)육가공|베이컨|동물성이물,18.72242351109077,0.0,0.0,0.0,93.61211755545385,0.13571022893992093,0.3611111111111111,0.14977141739523986,2.0,-62.41870583202189,"{'weights': {'growth': 0.35, 'volatility': 0.25, 'seasonality': 0.2, 'acceleration': 0.2}, 'recent_slope': -0.08571428571428574, 'forecast_slope': -0.005475327809610995}",104
진천BC|비엔나|인체이물류,18.719646449303674,0.0,0.0,0.0,93.59823224651836,0.058433961980126715,0.6666666666666666,0.07303811794473337,4.0,-91.23490570298098,"{'weights': {'growth': 0.35, 'volatility': 0.25, 'seasonality': 0.2, 'acceleration': 0.2}, 'recent_slope': -0.08571428571428574, 'forecast_slope': -0.005487229502984262}",105
성보(HMR)|프리미엄 국물|합성수지류,18.69078266462606,0.0,0.0,0.0,93.4539133231303,0.2081256610682064,0.3611111111111111,0.2224072118819706,3.0,-42.36520155034284,"{'weights': {'growth': 0.35, 'volatility': 0.25, 'seasonality': 0.2, 'acceleration': 0.2}, 'recent_slope': -0.08571428571428574, 'forecast_slope': -0.0056109314373168915}",106
진천BC|중식프라잉|포장불량,18.68816076155634,0.0,0.0,0.0,93.44080380778169,0.133640478454814,0.5277777777777778,0.1581863785749812,4.0,-74.67864618750893,"{'weights': {'growth': 0.35, 'volatility': 0.25, 'seasonality': 0.2, 'acceleration': 0.2}, 'recent_slope': -0.1428571428571428, 'forecast_slope': -0.009370280274597584}",107
진천BC|비엔나|동물성이물,18.62257280019373,0.0,0.0,0.0,93.11286400096864,0.9918081161833463,1.8333333333333333,1.061965804842559,5.0,-45.90137548090838,"{'weights': {'growth': 0.35, 'volatility': 0.25, 'seasonality': 0.2, 'acceleration': 0.2}, 'recent_slope': -0.39999999999999997, 'forecast_slope': -0.02754854399612543}",108
논산1공장|일반 국물|합성수지류,18.59282832757308,0.0,0.0,0.0,92.9641416378654,0.29102055119337217,0.5277777777777778,0.3114964743384498,2.0,-44.859263984413694,"{'weights': {'growth': 0.35, 'volatility': 0.25, 'seasonality': 0.2, 'acceleration': 0.2}, 'recent_slope': -0.11428571428571425, 'forecast_slope': -0.008040980985296693}",109
진천BC|비비고별미김치|합성수지류,18.52129924137814,0.0,0.0,0.0,92.60649620689071,0.004543981581091125,0.3333333333333333,0.025417338518899855,2.0,-98.63680552567266,"{'weights': {'growth': 0.35, 'volatility': 0.25, 'seasonality': 0.2, 'acceleration': 0.2}, 'recent_slope': -0.028571428571428577, 'forecast_slope': -0.002112429655174085}",110
씨푸드_성남|삼호어묵|합성수지류,18.514248418854773,0.0,0.0,0.0,92.57124209427386,0.5608243608888127,0.75,0.5768640369361054,3.0,-25.223418548158307,"{'weights': {'growth': 0.35, 'volatility': 0.25, 'seasonality': 0.2, 'acceleration': 0.2}, 'recent_slope': -0.08571428571428572, 'forecast_slope': -0.006367506776336703}",111
삼해상사(부안1)|국판조미김|기타이물류,18.47683483477971,0.0,0.0,0.0,92.38417417389854,0.20790290836262285,0.6111111111111112,0.23606712677649108,3.0,-65.97952408611627,"{'weights': {'growth': 0.35, 'volatility': 0.25, 'seasonality': 0.2, 'acceleration': 0.2}, 'recent_slope': -0.1428571428571428, 'forecast_slope': -0.010879751180144951}",112
진천)육가공|스팸일반|동물성이물,18.46808368433187,0.0,0.0,0.0,92.34041842165934,0.4797401264608549,3.5277777777777777,0.5188614611260868,10.0,-86.40106728142459,"{'weights': {'growth': 0.35, 'volatility': 0.25, 'seasonality': 0.2, 'acceleration': 0.2}, 'recent_slope': -0.19999999999999996, 'forecast_slope': -0.015319163156681335}",113
부산공장|잡곡|공정이물류,18.4364392157045,0.0,0.0,0.0,92.1821960785225,0.025632632114729343,0.5277777777777778,0.04562741469617424,3.0,-95.14329075720917,"{'weights': {'growth': 0.35, 'volatility': 0.25, 'seasonality': 0.2, 'acceleration': 0.2}, 'recent_slope': -0.08571428571428569, 'forecast_slope': -0.006700974789837857}",114
부산공장|프리미엄덮밥|포장불량,18.412494220889283,0.0,0.0,0.0,92.0624711044464,0.4226338448508217,0.5833333333333334,0.4398262766990123,4.0,-27.548483739859137,"{'weights': {'growth': 0.35, 'volatility': 0.25, 'seasonality': 0.2, 'acceleration': 0.2}, 'recent_slope': -0.08571428571428574, 'forecast_slope': -0.006803596196188798}",115
진천)육가공|스팸일반|합성수지류,18.274683507983482,0.0,0.0,0.0,91.37341753991741,0.8569409104778032,4.138888888888889,0.9197514483991094,18.0,-79.29538739785174,"{'weights': {'growth': 0.35, 'volatility': 0.25, 'seasonality': 0.2, 'acceleration': 0.2}, 'recent_slope': -0.2857142857142856, 'forecast_slope': -0.02464737845737879}",116
진천BC|햇반 파우치밥|합성수지류,18.182684124401348,0.0,0.0,0.0,90.91342062200674,0.208734874327093,0.8888888888888888,0.23557129529060764,6.0,-76.51732663820204,"{'weights': {'growth': 0.35, 'volatility': 0.25, 'seasonality': 0.2, 'acceleration': 0.2}, 'recent_slope': -0.11428571428571425, 'forecast_slope': -0.010384662146278012}",117
소디프|꼬지형|동물성이물,18.132826074450573,0.0,0.0,0.0,90.66413037225287,0.5834869360622514,0.9444444444444444,0.6173409936600323,4.0,-38.21903029929102,"{'weights': {'growth': 0.35, 'volatility': 0.25, 'seasonality': 0.2, 'acceleration': 0.2}, 'recent_slope': -0.1428571428571428, 'forecast_slope': -0.013336956611067324}",118
진천BC|백미|인체이물류,18.082333507487206,0.0,0.0,0.0,90.41166753743603,1.8241782029931766,3.3333333333333335,1.9496970680417611,8.0,-45.274653910204705,"{'weights': {'growth': 0.35, 'volatility': 0.25, 'seasonality': 0.2, 'acceleration': 0.2}, 'recent_slope': -0.5142857142857139, 'forecast_slope': -0.04931142409318609}",119
진천)육가공|꼬지형|인체이물류,17.939460837886404,0.0,0.0,2.0691638323569626,87.62814035707505,0.3402305461078565,0.4166666666666667,0.3491289901959523,2.0,-18.344668934114438,"{'weights': {'growth': 0.35, 'volatility': 0.25, 'seasonality': 0.2, 'acceleration': 0.2}, 'recent_slope': -0.0285714285714285, 'forecast_slope': -0.0035348170408356873}",120
진천BC|치킨|인체이물류,17.932670477919135,0.0,0.0,0.0,89.66335238959567,0.03212251098868064,0.5555555555555556,0.05882994631385395,3.0,-94.21794802203748,"{'weights': {'growth': 0.35, 'volatility': 0.25, 'seasonality': 0.2, 'acceleration': 0.2}, 'recent_slope': -0.08571428571428569, 'forecast_slope': -0.008859983666060849}",121
진천BC|비비고 한식반찬|기타이물류,17.930923327213492,0.0,0.0,0.0,89.65461663606746,0.3284707519748314,0.5833333333333334,0.3510417557884114,2.0,-43.69072823288605,"{'weights': {'growth': 0.35, 'volatility': 0.25, 'seasonality': 0.2, 'acceleration': 0.2}, 'recent_slope': -0.08571428571428569, 'forecast_slope': -0.008867471454799327}",122
푸드웨어|손만두|동물성이물,17.81554716552514,0.0,0.0,0.0,89.07773582762569,0.1265489310719313,0.4722222222222222,0.17822383467993366,4.0,-73.20140283182631,"{'weights': {'growth': 0.35, 'volatility': 0.25, 'seasonality': 0.2, 'acceleration': 0.2}, 'recent_slope': -0.17142857142857137, 'forecast_slope': -0.018723881438355974}",123
삼해상사(김포)|국판삼해김|중량수량미달,17.70094951876595,0.0,0.0,0.0,88.50474759382975,0.1190797873164952,1.1666666666666667,0.17411441875482853,11.0,-89.79316108715754,"{'weights': {'growth': 0.35, 'volatility': 0.25, 'seasonality': 0.2, 'acceleration': 0.2}, 'recent_slope': -0.17142857142857143, 'forecast_slope': -0.019706146982006147}",124
하북율원식품|맛간식|합성수지류,17.627122638314432,0.0,0.0,0.0,88.13561319157216,0.2062882067823749,0.7222222222222222,0.23256060167971143,4.0,-71.4370175224404,"{'weights': {'growth': 0.35, 'volatility': 0.25, 'seasonality': 0.2, 'acceleration': 0.2}, 'recent_slope': -0.08571428571428574, 'forecast_slope': -0.010169474407223867}",125
진천BC|양식반찬|동물성이물,17.60310477122462,0.0,0.0,0.0,88.0155238561231,0.2192937340702659,1.1666666666666667,0.25498978469073236,5.0,-81.20339422254864,"{'weights': {'growth': 0.35, 'volatility': 0.25, 'seasonality': 0.2, 'acceleration': 0.2}, 'recent_slope': -0.11428571428571427, 'forecast_slope': -0.01369654416443074}",126
푸드웨어|비비고 수제만두|기타이물류,17.429122421670577,0.0,0.0,0.0,87.14561210835288,0.13631378065695154,0.4444444444444444,0.1553483004604901,2.0,-69.3293993521859,"{'weights': {'growth': 0.35, 'volatility': 0.25, 'seasonality': 0.2, 'acceleration': 0.2}, 'recent_slope': -0.057142857142857155, 'forecast_slope': -0.00734536450951264}",127
부산공장|프리미엄덮밥|인체이물류,17.384971856404878,0.0,0.0,0.0,86.92485928202439,0.8413973087734917,1.1388888888888888,0.8696652766511216,3.0,-26.121211912571457,"{'weights': {'growth': 0.35, 'volatility': 0.25, 'seasonality': 0.2, 'acceleration': 0.2}, 'recent_slope': -0.08571428571428569, 'forecast_slope': -0.011207263472550529}",128
진천BC|B2B패티류|합성수지류,17.192815457037305,0.0,0.0,0.0,85.96407728518652,0.018795236496708712,0.6111111111111112,0.03036744919634668,3.0,-96.92441584599312,"{'weights': {'growth': 0.35, 'volatility': 0.25, 'seasonality': 0.2, 'acceleration': 0.2}, 'recent_slope': -0.028571428571428577, 'forecast_slope': -0.004010263632803852}",129
부산공장|백미|인체이물류,17.161638434186198,0.0,0.0,0.0,85.808192170931,1.0755495792628293,2.2222222222222223,1.1688682481564983,7.0,-51.60026893317268,"{'weights': {'growth': 0.35, 'volatility': 0.25, 'seasonality': 0.2, 'acceleration': 0.2}, 'recent_slope': -0.2571428571428572, 'forecast_slope': -0.036493220131891706}",130
진천BC|일반 한식반찬|동물성이물,17.081306067319407,0.0,0.0,0.0,85.40653033659703,0.30248622238744727,0.75,0.3346313368888776,4.0,-59.6685036816737,"{'weights': {'growth': 0.35, 'volatility': 0.25, 'seasonality': 0.2, 'acceleration': 0.2}, 'recent_slope': -0.08571428571428574, 'forecast_slope': -0.012508688282916831}",131
푸드웨어|비비고 수제만두|인체이물류,17.05042282428608,0.0,0.0,0.0,85.2521141214304,0.12865582622261065,0.6666666666666666,0.1394223948450759,2.0,-80.7016260666084,"{'weights': {'growth': 0.35, 'volatility': 0.25, 'seasonality': 0.2, 'acceleration': 0.2}, 'recent_slope': -0.028571428571428577, 'forecast_slope': -0.004213681679591315}",132
남원공장|남원B2C냉동면|기타이물류,17.028199674660993,0.0,0.0,0.0,85.14099837330497,0.17604036073622706,0.5833333333333334,0.19796056865903405,3.0,-69.82165244521822,"{'weights': {'growth': 0.35, 'volatility': 0.25, 'seasonality': 0.2, 'acceleration': 0.2}, 'recent_slope': -0.057142857142857155, 'forecast_slope': -0.00849085807239716}",133
진천)육가공|베이컨|인체이물류,16.956514783615503,0.0,0.0,0.0,84.78257391807752,0.24559922123579034,0.3888888888888889,0.25659779087134293,2.0,-36.8459145393682,"{'weights': {'growth': 0.35, 'volatility': 0.25, 'seasonality': 0.2, 'acceleration': 0.2}, 'recent_slope': -0.0285714285714285, 'forecast_slope': -0.004347836023406412}",134
부산공장|프리미엄덮밥|동물성이물,16.794581065270446,0.0,0.0,0.0,83.97290532635223,0.3038086427071128,1.0555555555555556,0.3514768266388637,5.0,-71.21812858564195,"{'weights': {'growth': 0.35, 'volatility': 0.25, 'seasonality': 0.2, 'acceleration': 0.2}, 'recent_slope': -0.11428571428571425, 'forecast_slope': -0.018316679627026013}",135
씨푸드_이천|국판조미김|기타이물류,16.7601969197715,0.0,0.0,0.0,83.80098459885748,0.3340247573299498,1.5,0.3946111597412309,8.0,-77.73168284467002,"{'weights': {'growth': 0.35, 'volatility': 0.25, 'seasonality': 0.2, 'acceleration': 0.2}, 'recent_slope': -0.1428571428571428, 'forecast_slope': -0.02314145057306072}",136
논산1공장|고추장가정용|변화,16.756406775747006,0.0,0.0,0.0,83.78203387873502,0.19237319487289828,0.8055555555555556,0.21629723676289322,7.0,-76.11918960198504,"{'weights': {'growth': 0.35, 'volatility': 0.25, 'seasonality': 0.2, 'acceleration': 0.2}, 'recent_slope': -0.057142857142857155, 'forecast_slope': -0.009267409212151419}",137
진천BC|비엔나|기타이물류,16.62744728470241,0.0,0.0,0.0,83.13723642351204,0.37104856439437883,0.6666666666666666,0.3955586463322003,2.0,-44.34271534084317,"{'weights': {'growth': 0.35, 'volatility': 0.25, 'seasonality': 0.2, 'acceleration': 0.2}, 'recent_slope': -0.057142857142857155, 'forecast_slope': -0.009635864900850267}",138
진천BC|까스류|동물성이물,16.364940820267307,0.0,0.0,0.0,81.82470410133654,0.183871700205543,0.5,0.1971006350383476,5.0,-63.2256599588914,"{'weights': {'growth': 0.35, 'volatility': 0.25, 'seasonality': 0.2, 'acceleration': 0.2}, 'recent_slope': -0.0285714285714285, 'forecast_slope': -0.005192941685332406}",139
진천BC|파우치 죽(일반)|합성수지류,16.066591274601592,0.0,0.0,0.0,80.33295637300796,0.2581726161956383,0.6666666666666666,0.40236505365902775,4.0,-61.27410757065426,"{'weights': {'growth': 0.35, 'volatility': 0.25, 'seasonality': 0.2, 'acceleration': 0.2}, 'recent_slope': -0.25714285714285695, 'forecast_slope': -0.05057239789797949}",140
인천냉동식품|비비고 왕교자|기타이물류,15.944859705494327,0.0,0.0,0.0,79.72429852747163,1.4767351706245035,3.4722222222222223,1.6253960562810246,9.0,-57.4700270860143,"{'weights': {'growth': 0.35, 'volatility': 0.25, 'seasonality': 0.2, 'acceleration': 0.2}, 'recent_slope': -0.2857142857142858, 'forecast_slope': -0.05793057563579538}",141
인천냉동식품|비비고 왕교자|인체이물류,15.305555129639586,0.0,0.0,0.0,76.52777564819793,2.3764785858840036,4.694444444444445,2.564756750361119,14.0,-49.376787519630696,"{'weights': {'growth': 0.35, 'volatility': 0.25, 'seasonality': 0.2, 'acceleration': 0.2}, 'recent_slope': -0.31428571428571395, 'forecast_slope': -0.07376984796280642}",142
부산공장|프리미엄덮밥|합성수지류,15.283833224226342,0.0,0.0,0.0,76.41916612113171,0.352021313251411,1.3888888888888888,0.38657823620339343,4.0,-74.65446544589841,"{'weights': {'growth': 0.35, 'volatility': 0.25, 'seasonality': 0.2, 'acceleration': 0.2}, 'recent_slope': -0.057142857142857155, 'forecast_slope': -0.013474762216496168}",143
남원공장|냉면|기타이물류,14.768862864028087,0.0,0.0,0.0,73.84431432014043,0.13707693584871228,0.4444444444444444,0.15645049243294845,3.0,-69.15768943403974,"{'weights': {'growth': 0.35, 'volatility': 0.25, 'seasonality': 0.2, 'acceleration': 0.2}, 'recent_slope': -0.028571428571428577, 'forecast_slope': -0.007473053051388452}",144
인천냉동식품|물만두|동물성이물,14.742870597521641,41.052996714088714,0.0,1.8716087379529567,0.0,0.5093580436897648,0.3611111111111111,0.5344558266474171,3.0,41.052996714088714,"{'weights': {'growth': 0.35, 'volatility': 0.25, 'seasonality': 0.2, 'acceleration': 0.2}, 'recent_slope': 2.2338008359393514e-17, 'forecast_slope': 0.009909810611173119}",145
논산1공장|프리미엄 국물|인체이물류,14.6696450324166,0.0,0.0,0.0,73.348225162083,0.21204722179546423,0.5,0.23154510033095183,4.0,-57.59055564090716,"{'weights': {'growth': 0.35, 'volatility': 0.25, 'seasonality': 0.2, 'acceleration': 0.2}, 'recent_slope': -0.028571428571428577, 'forecast_slope': -0.007614792810833432}",146
인천2)유|고소함가득참기름|포장불량,14.283092387900286,0.0,0.0,0.0,71.41546193950143,0.09592146512193811,0.9444444444444444,0.11753094028287621,6.0,-89.8436095753242,"{'weights': {'growth': 0.35, 'volatility': 0.25, 'seasonality': 0.2, 'acceleration': 0.2}, 'recent_slope': -0.028571428571428577, 'forecast_slope': -0.008167010874428168}",147
부산공장|잡곡|기타이물류,13.294628727471176,0.0,0.0,0.0,66.47314363735588,0.45042861447578636,1.1111111111111112,0.4997005229880696,4.0,-59.46142469717923,"{'weights': {'growth': 0.35, 'volatility': 0.25, 'seasonality': 0.2, 'acceleration': 0.2}, 'recent_slope': -0.057142857142857155, 'forecast_slope': -0.019158203635796643}",148
인천냉동식품|비비고 왕교자|합성수지류,13.003114457349069,0.0,0.0,0.0,65.01557228674534,3.6013423675342544,6.583333333333333,3.8558948136887015,16.0,-45.296065303277146,"{'weights': {'growth': 0.35, 'volatility': 0.25, 'seasonality': 0.2, 'acceleration': 0.2}, 'recent_slope': -0.2857142857142857, 'forecast_slope': -0.09995550775215616}",149
푸드웨어|비비고 수제만두|식물성이물,9.803154453608936,0.0,0.0,49.01577226804468,0.0,0.24835962044674112,0.3888888888888889,0.2623708802468037,2.0,-36.136097599409425,"{'weights': {'growth': 0.35, 'volatility': 0.25, 'seasonality': 0.2, 'acceleration': 0.2}, 'recent_slope': 0.0, 'forecast_slope': -0.005522089206700476}",150
상신(2공장_튀김)|까스류|동물성이물,8.584241230609113,0.0,0.0,42.92120615304556,0.0,0.47640402051015185,0.6388888888888888,0.49425327591859813,2.0,-25.432414181019702,"{'weights': {'growth': 0.35, 'volatility': 0.25, 'seasonality': 0.2, 'acceleration': 0.2}, 'recent_slope': 0.17142857142857143, 'forecast_slope': -0.0070694482873451345}",151
진천)육가공|스팸일반|기타이물류,7.907798162722695,0.0,0.0,0.0,39.538990813613474,0.6437525076904839,1.9722222222222223,0.7332689954663435,8.0,-67.35902777907405,"{'weights': {'growth': 0.35, 'volatility': 0.25, 'seasonality': 0.2, 'acceleration': 0.2}, 'recent_slope': -0.05714285714285718, 'forecast_slope': -0.03454914810650661}",152
진천BC|비비고썰은김치|합성수지류,7.450933444710689,0.0,0.0,37.25466722355344,0.0,0.6862733361177672,0.9166666666666666,0.741879929206779,4.0,-25.13381787806176,"{'weights': {'growth': 0.35, 'volatility': 0.25, 'seasonality': 0.2, 'acceleration': 0.2}, 'recent_slope': 0.08571428571428573, 'forecast_slope': -0.021777365565974854}",153
인천냉동식품|비비고 왕교자|식물성이물,5.360374738522342,0.0,0.0,26.80187369261171,0.0,1.47935519308047,2.4722222222222223,1.5320766560580739,7.0,-40.16091353831806,"{'weights': {'growth': 0.35, 'volatility': 0.25, 'seasonality': 0.2, 'acceleration': 0.2}, 'recent_slope': 0.02857142857142864, 'forecast_slope': -0.02089105816551495}",154
인천냉동식품|비비고 수제만두|인체이물류,5.062226609326316,0.0,0.0,25.31113304663158,0.0,0.8354075536442105,1.7777777777777777,0.8763276354539675,5.0,-53.00832510751315,"{'weights': {'growth': 0.35, 'volatility': 0.25, 'seasonality': 0.2, 'acceleration': 0.2}, 'recent_slope': 0.08571428571428573, 'forecast_slope': -0.016158436030182962}",155
남원공장|군만두|인체이물류,3.893585758474366,0.0,0.0,19.46792879237183,0.0,0.19911321465395304,0.3333333333333333,0.21103175836799637,2.0,-40.26603560381408,"{'weights': {'growth': 0.35, 'volatility': 0.25, 'seasonality': 0.2, 'acceleration': 0.2}, 'recent_slope': 0.02857142857142855, 'forecast_slope': -0.00469313472456295}",156
남원공장|우동|합성수지류,3.561554276858079,0.0,0.0,17.807771384290394,0.0,0.19634628564048398,0.3055555555555556,0.20451744826049875,2.0,-35.74121560856888,"{'weights': {'growth': 0.35, 'volatility': 0.25, 'seasonality': 0.2, 'acceleration': 0.2}, 'recent_slope': 0.057142857142857155, 'forecast_slope': -0.0032328011101977264}",157
진천)육가공|슬라이스|동물성이물,0.7984870102423991,0.0,0.0,3.9924350512119955,0.0,0.34664145017070663,0.3888888888888889,0.3493809976112857,2.0,-10.863627098961153,"{'weights': {'growth': 0.35, 'volatility': 0.25, 'seasonality': 0.2, 'acceleration': 0.2}, 'recent_slope': 0.1428571428571428, 'forecast_slope': -0.0010935170476970954}",158
우양냉동(장항)|핫도그|형태,0.6685418406081411,0.0,0.0,3.3427092030407057,0.0,0.344475697343469,0.5277777777777778,0.36032538598531605,3.0,-34.730920503342716,"{'weights': {'growth': 0.35, 'volatility': 0.25, 'seasonality': 0.2, 'acceleration': 0.2}, 'recent_slope': 0.0, 'forecast_slope': -0.006263526014869771}",159
씨푸드_성남|삼호부산|기타이물류,0.0,0.0,0.0,0.0,0.0,0.269862604427263,0.5,0.288627943477322,2.0,-46.0274791145474,"{'weights': {'growth': 0.35, 'volatility': 0.25, 'seasonality': 0.2, 'acceleration': 0.2}, 'recent_slope': 0.3142857142857142, 'forecast_slope': -0.0073707841900953015}",160
씨푸드_성남|삼호어묵|기타이물류,0.0,0.0,0.0,0.0,0.0,0.13398102607158455,0.5833333333333334,0.15274838755528264,2.0,-77.03182410201408,"{'weights': {'growth': 0.35, 'volatility': 0.25, 'seasonality': 0.2, 'acceleration': 0.2}, 'recent_slope': 0.0571428571428571, 'forecast_slope': -0.007241483150474408}",161
씨푸드_성남|삼호어묵|인체이물류,0.0,0.0,0.0,0.0,0.0,0.2951872027032975,0.5555555555555556,0.3184502906035278,2.0,-46.86630351340645,"{'weights': {'growth': 0.35, 'volatility': 0.25, 'seasonality': 0.2, 'acceleration': 0.2}, 'recent_slope': 0.1428571428571428, 'forecast_slope': -0.009115755778538813}",162
씨푸드_성남|냉장 생선구이|인체이물류,0.0,0.0,0.0,0.0,0.0,0.1697157090099143,0.5833333333333334,0.1910327635823428,3.0,-70.90587845544327,"{'weights': {'growth': 0.35, 'volatility': 0.25, 'seasonality': 0.2, 'acceleration': 0.2}, 'recent_slope': 0.08571428571428572, 'forecast_slope': -0.008254983262201964}",163
소디프|꼬지형|인체이물류,0.0,0.0,0.0,0.0,0.0,0.10081422046107287,0.4166666666666667,0.12037082482365707,2.0,-75.80458708934252,"{'weights': {'growth': 0.35, 'volatility': 0.25, 'seasonality': 0.2, 'acceleration': 0.2}, 'recent_slope': 0.0, 'forecast_slope': -0.007446978467279802}",164
상신(2공장_튀김)|까스류|합성수지류,0.0,0.0,0.0,0.0,0.0,0.07944632343739291,0.3611111111111111,0.09645791441986157,2.0,-77.99947966349119,"{'weights': {'growth': 0.35, 'volatility': 0.25, 'seasonality': 0.2, 'acceleration': 0.2}, 'recent_slope': 0.0, 'forecast_slope': -0.006446493945782693}",165
신라에스지|미니소시지|합성수지류,0.0,0.0,0.0,0.0,0.0,0.20136135364783037,0.6388888888888888,0.2247407458966568,2.0,-68.48257073338307,"{'weights': {'growth': 0.35, 'volatility': 0.25, 'seasonality': 0.2, 'acceleration': 0.2}, 'recent_slope': 0.17142857142857143, 'forecast_slope': -0.009075178025567373}",166
쌍인|과일젤리|인체이물류,0.0,0.0,0.0,0.0,0.0,0.000541136321803039,0.4722222222222222,0.0006475282443509286,3.0,-99.88540642597113,"{'weights': {'growth': 0.35, 'volatility': 0.25, 'seasonality': 0.2, 'acceleration': 0.2}, 'recent_slope': 0.0, 'forecast_slope': -4.0487394863094086e-05}",167
부산공장|잡곡|합성수지류,0.0,0.0,0.0,0.0,0.0,0.28199407376264657,0.7222222222222222,0.3118984609143166,4.0,-60.954666709787396,"{'weights': {'growth': 0.35, 'volatility': 0.25, 'seasonality': 0.2, 'acceleration': 0.2}, 'recent_slope': -1.1286362135477398e-17, 'forecast_slope': -0.011637405942819038}",168
부산공장|잡곡|인체이물류,0.0,0.0,0.0,0.0,0.0,0.7392434583647655,1.5833333333333333,0.8093492796931405,5.0,-53.31093947169903,"{'weights': {'growth': 0.35, 'volatility': 0.25, 'seasonality': 0.2, 'acceleration': 0.2}, 'recent_slope': 1.865412628475481e-17, 'forecast_slope': -0.027359421768785912}",169
삼해상사(김포)|국판삼해김|기타이물류,0.0,0.0,0.0,0.0,0.0,0.15540665840146795,1.6944444444444444,0.18602140401666536,5.0,-90.82845950417567,"{'weights': {'growth': 0.35, 'volatility': 0.25, 'seasonality': 0.2, 'acceleration': 0.2}, 'recent_slope': -1.1286362135477398e-17, 'forecast_slope': -0.011649330220074854}",170
씨푸드_성남|삼호어묵|동물성이물,0.0,0.0,0.0,0.0,0.0,0.07451345312445044,0.3333333333333333,0.08676388678350706,2.0,-77.64596406266486,"{'weights': {'growth': 0.35, 'volatility': 0.25, 'seasonality': 0.2, 'acceleration': 0.2}, 'recent_slope': 0.08571428571428572, 'forecast_slope': -0.004698602881892319}",171
부산공장|일반국밥|기타,0.0,0.0,0.0,0.0,0.0,0.05606458489788741,0.4166666666666667,0.06858008636146405,3.0,-86.54449962450703,"{'weights': {'growth': 0.35, 'volatility': 0.25, 'seasonality': 0.2, 'acceleration': 0.2}, 'recent_slope': 0.0, 'forecast_slope': -0.004732381981141491}",172
부산공장|BIG컵반(컵)|합성수지류,0.0,0.0,0.0,0.0,0.0,1.618385957120757e-05,0.3888888888888889,2.4942315443420516e-05,2.0,-99.99583843611026,"{'weights': {'growth': 0.35, 'volatility': 0.25, 'seasonality': 0.2, 'acceleration': 0.2}, 'recent_slope': 0.0, 'forecast_slope': -3.083161036029669e-06}",173
부산공장|백미|공정이물류,0.0,0.0,0.0,0.0,0.0,0.16411897601229897,0.75,0.2325442718197126,3.0,-78.1174698650268,"{'weights': {'growth': 0.35, 'volatility': 0.25, 'seasonality': 0.2, 'acceleration': 0.2}, 'recent_slope': 0.1142857142857143, 'forecast_slope': -0.024745995589153254}",174
부산공장|프리미엄덮밥|기타,0.0,0.0,0.0,0.0,0.0,0.16919527864271136,0.4444444444444444,0.187903532877534,3.0,-61.93106230538995,"{'weights': {'growth': 0.35, 'volatility': 0.25, 'seasonality': 0.2, 'acceleration': 0.2}, 'recent_slope': 0.0, 'forecast_slope': -0.007272091286419054}",175
부산공장|백미|곰팡이,0.0,0.0,0.0,0.0,0.0,0.14150980764945859,0.5,0.1632408712026936,2.0,-71.69803847010829,"{'weights': {'growth': 0.35, 'volatility': 0.25, 'seasonality': 0.2, 'acceleration': 0.2}, 'recent_slope': 0.0, 'forecast_slope': -0.008357109516948708}",176
부산공장|백미|기타,0.0,0.0,0.0,0.0,0.0,0.00036085899908012633,0.4166666666666667,0.0014370929778059498,3.0,-99.91339384022078,"{'weights': {'growth': 0.35, 'volatility': 0.25, 'seasonality': 0.2, 'acceleration': 0.2}, 'recent_slope': 0.0, 'forecast_slope': -0.00024744605628841996}",177
남원공장|냉면|포장불량,0.0,0.0,0.0,0.0,0.0,0.11356859510530726,0.7777777777777778,0.13715065705288587,5.0,-85.3983234864605,"{'weights': {'growth': 0.35, 'volatility': 0.25, 'seasonality': 0.2, 'acceleration': 0.2}, 'recent_slope': 0.0, 'forecast_slope': -0.008950281990410461}",178
공주공장|된장가정용|기타이물류,0.0,0.0,0.0,0.0,0.0,0.1240553710015825,0.4166666666666667,0.13929557832309308,2.0,-70.2267109596202,"{'weights': {'growth': 0.35, 'volatility': 0.25, 'seasonality': 0.2, 'acceleration': 0.2}, 'recent_slope': 0.0, 'forecast_slope': -0.005905802874435493}",179
남원공장|남원B2C냉동면|합성수지류,0.0,0.0,0.0,0.0,0.0,0.14703711452373117,0.6666666666666666,0.1700136035764102,2.0,-77.94443282144033,"{'weights': {'growth': 0.35, 'volatility': 0.25, 'seasonality': 0.2, 'acceleration': 0.2}, 'recent_slope': 0.057142857142857155, 'forecast_slope': -0.008830191408669289}",180
남원공장|남원B2C냉동면|인체이물류,0.0,0.0,0.0,0.0,0.0,0.33834490169236625,0.9444444444444444,0.3825122581975208,5.0,-64.17524570316121,"{'weights': {'growth': 0.35, 'volatility': 0.25, 'seasonality': 0.2, 'acceleration': 0.2}, 'recent_slope': 0.02857142857142855, 'forecast_slope': -0.017082662777590938}",181
남원공장|남원B2C냉동면|포장불량,0.0,0.0,0.0,0.0,0.0,5.676512128051051e-08,5.083333333333333,7.759708739921211e-08,23.0,-99.99999888330908,"{'weights': {'growth': 0.35, 'volatility': 0.25, 'seasonality': 0.2, 'acceleration': 0.2}, 'recent_slope': 0.0, 'forecast_slope': -7.618511527834303e-09}",182
공주공장|쌈장가정용|변화,0.0,0.0,0.0,0.0,0.0,0.12340626911642116,0.8611111111111112,0.15133104737788963,5.0,-85.66894939293174,"{'weights': {'growth': 0.35, 'volatility': 0.25, 'seasonality': 0.2, 'acceleration': 0.2}, 'recent_slope': 0.0, 'forecast_slope': -0.010551274784457892}",183
남원공장|우동|포장불량,0.0,0.0,0.0,0.0,0.0,0.03933981488030807,0.3611111111111111,0.048496382920972574,3.0,-89.10589741776084,"{'weights': {'growth': 0.35, 'volatility': 0.25, 'seasonality': 0.2, 'acceleration': 0.2}, 'recent_slope': 0.0, 'forecast_slope': -0.0034544420891952777}",184
남원공장|용기면|포장불량,0.0,0.0,0.0,0.0,0.0,0.0,5.277777777777778,0.0,85.0,-100.0,"{'weights': {'growth': 0.35, 'volatility': 0.25, 'seasonality': 0.2, 'acceleration': 0.2}, 'recent_slope': 2.2338008359393514e-17, 'forecast_slope': 0.0}",185
논산1공장|프리미엄 국물|동물성이물,0.0,0.0,0.0,0.0,0.0,0.15303983682514968,0.6388888888888888,0.1678579424968716,3.0,-76.04593858388962,"{'weights': {'growth': 0.35, 'volatility': 0.25, 'seasonality': 0.2, 'acceleration': 0.2}, 'recent_slope': 0.0, 'forecast_slope': -0.005779980316572355}",186
삼해상사(김포)|국판삼해김|식물성이물,0.0,0.0,0.0,0.0,0.0,0.20071924265590058,0.3611111111111111,0.21439297255295542,2.0,-44.416209726058305,"{'weights': {'growth': 0.35, 'volatility': 0.25, 'seasonality': 0.2, 'acceleration': 0.2}, 'recent_slope': 0.0, 'forecast_slope': -0.005372816182116027}",187
씨푸드_이천|국판조미김|형태,0.0,0.0,0.0,0.0,0.0,0.022485486307150433,1.1388888888888888,0.02875503059691952,7.0,-98.02566461693314,"{'weights': {'growth': 0.35, 'volatility': 0.25, 'seasonality': 0.2, 'acceleration': 0.2}, 'recent_slope': 0.0, 'forecast_slope': -0.0023397217763518672}",188
씨푸드_이천|국판조미김|기타,0.0,0.0,0.0,0.0,0.0,0.1299814549964576,0.5555555555555556,0.15259953347373575,3.0,-76.60333810063763,"{'weights': {'growth': 0.35, 'volatility': 0.25, 'seasonality': 0.2, 'acceleration': 0.2}, 'recent_slope': 0.0, 'forecast_slope': -0.008654698185167883}",189
씨푸드_성남|삼호어묵|공정이물류,0.0,0.0,0.0,0.0,0.0,0.2780260654182373,0.6111111111111112,0.30158969929609936,2.0,-54.5048256588339,"{'weights': {'growth': 0.35, 'volatility': 0.25, 'seasonality': 0.2, 'acceleration': 0.2}, 'recent_slope': 0.19999999999999993, 'forecast_slope': -0.009219521372954618}",190
진천)육가공|베이컨|기타,0.0,0.0,0.0,0.0,0.0,0.041339378854881516,0.3333333333333333,0.05104402920767494,2.0,-87.59818634353553,"{'weights': {'growth': 0.35, 'volatility': 0.25, 'seasonality': 0.2, 'acceleration': 0.2}, 'recent_slope': 0.0, 'forecast_slope': -0.0036594720721585794}",191
진천BC|B2B패티류|동물성이물,0.0,0.0,0.0,0.0,0.0,0.6402294822329645,1.25,0.6722219735194386,5.0,-48.78164142136284,"{'weights': {'growth': 0.35, 'volatility': 0.25, 'seasonality': 0.2, 'acceleration': 0.2}, 'recent_slope': 0.02857142857142855, 'forecast_slope': -0.012629887495075718}",192
진천)육가공|스팸일반|포장불량,0.0,0.0,0.0,0.0,0.0,2.0473212146159603,10.083333333333334,2.519181833268151,48.0,-79.69598795422188,"{'weights': {'growth': 0.35, 'volatility': 0.25, 'seasonality': 0.2, 'acceleration': 0.2}, 'recent_slope': -0.1428571428571428, 'forecast_slope': -0.1781125793561176}",193
인천냉동식품|손만두|합성수지류,0.0,0.0,0.0,0.0,0.0,0.008705205816287883,0.6111111111111112,0.011478593769581243,3.0,-98.57551177551653,"{'weights': {'growth': 0.35, 'volatility': 0.25, 'seasonality': 0.2, 'acceleration': 0.2}, 'recent_slope': 0.0, 'forecast_slope': -0.0010255052712317579}",194
인천냉동식품|비비고 왕교자|형태,0.0,0.0,0.0,0.0,0.0,0.7531442464159799,1.3888888888888888,0.8090691416993423,5.0,-45.77361425804944,"{'weights': {'growth': 0.35, 'volatility': 0.25, 'seasonality': 0.2, 'acceleration': 0.2}, 'recent_slope': 0.19999999999999996, 'forecast_slope': -0.021940000645900105}",195
인천냉동식품|비비고 왕교자|포장불량,0.0,0.0,0.0,0.0,0.0,0.3156725166125228,0.5555555555555556,0.42387141543526335,2.0,-43.1789470097459,"{'weights': {'growth': 0.35, 'volatility': 0.25, 'seasonality': 0.2, 'acceleration': 0.2}, 'recent_slope': 0.0571428571428571, 'forecast_slope': -0.03978767079850074}",196
우양냉동(장항)|핫도그|합성수지류,0.0,0.0,0.0,0.0,0.0,0.4575115026089842,0.8055555555555556,0.5467139815579308,3.0,-43.20546864164334,"{'weights': {'growth': 0.35, 'volatility': 0.25, 'seasonality': 0.2, 'acceleration': 0.2}, 'recent_slope': 0.2, 'forecast_slope': -0.03395938910069647}",197
인천냉동식품|비비고 왕교자|기타,0.0,0.0,0.0,0.0,0.0,0.06785365476502986,0.6388888888888888,0.07498133124549303,3.0,-89.3794279498214,"{'weights': {'growth': 0.35, 'volatility': 0.25, 'seasonality': 0.2, 'acceleration': 0.2}, 'recent_slope': 0.0, 'forecast_slope': -0.0027744632068222993}",198
진천)육가공|스팸일반|기타,0.0,0.0,0.0,0.0,0.0,0.04565753329394675,0.4722222222222222,0.05936622028992277,3.0,-90.33134589069364,"{'weights': {'growth': 0.35, 'volatility': 0.25, 'seasonality': 0.2, 'acceleration': 0.2}, 'recent_slope': 0.0, 'forecast_slope': -0.005090502016534805}",199
진천)B2B|FV _ OEM|합성수지류,0.0,0.0,0.0,0.0,0.0,2.102019124803177e-12,0.4166666666666667,4.763323382601829e-12,3.0,-99.99999999949551,"{'weights': {'growth': 0.35, 'volatility': 0.25, 'seasonality': 0.2, 'acceleration': 0.2}, 'recent_slope': 0.0, 'forecast_slope': -8.13441015469251e-13}",200
인천냉동식품|손만두|동물성이물,0.0,0.0,0.0,0.0,0.0,6.17468956799091e-05,0.3888888888888889,9.194954843143305e-05,2.0,-99.98412222682516,"{'weights': {'growth': 0.35, 'volatility': 0.25, 'seasonality': 0.2, 'acceleration': 0.2}, 'recent_slope': 0.0, 'forecast_slope': -1.0751396358252679e-05}",201
진천BC|비비고 죽(용기)|인체이물류,0.0,0.0,0.0,0.0,0.0,0.01645177145257121,0.5833333333333334,0.020151889240415468,5.0,-97.17969632241635,"{'weights': {'growth': 0.35, 'volatility': 0.25, 'seasonality': 0.2, 'acceleration': 0.2}, 'recent_slope': 0.0, 'forecast_slope': -0.0013985354039009745}",202
진천BC|비비고 죽(파우치)|기타이물류,0.0,0.0,0.0,0.0,0.0,0.06470660378737982,0.3333333333333333,0.08138104034728075,2.0,-80.58801886378606,"{'weights': {'growth': 0.35, 'volatility': 0.25, 'seasonality': 0.2, 'acceleration': 0.2}, 'recent_slope': 0.0, 'forecast_slope': -0.0062536270474951704}",203
진천BC|비비고썰은김치|기타이물류,0.0,0.0,0.0,0.0,0.0,0.004316346355412234,0.3888888888888889,0.0051531262793050175,2.0,-98.89008236575114,"{'weights': {'growth': 0.35, 'volatility': 0.25, 'seasonality': 0.2, 'acceleration': 0.2}, 'recent_slope': 0.0, 'forecast_slope': -0.00031864777434340296}",204
진천BC|비비고 죽(파우치)|합성수지류,0.0,0.0,0.0,0.0,0.0,0.054890477753620354,0.4444444444444444,0.07683981934101569,2.0,-87.64964250543542,"{'weights': {'growth': 0.35, 'volatility': 0.25, 'seasonality': 0.2, 'acceleration': 0.2}, 'recent_slope': 0.0, 'forecast_slope': -0.007968129762226}",205
진천BC|백미|관능,0.0,0.0,0.0,0.0,0.0,0.15773506845025514,0.4166666666666667,0.17972373323157032,3.0,-62.14358357193876,"{'weights': {'growth': 0.35, 'volatility': 0.25, 'seasonality': 0.2, 'acceleration': 0.2}, 'recent_slope': 0.0, 'forecast_slope': -0.008485855224133088}",206
진천BC|더건강한 닭가슴살|기타이물류,0.0,0.0,0.0,0.0,0.0,0.0,0.3333333333333333,0.0,2.0,-100.0,"{'weights': {'growth': 0.35, 'volatility': 0.25, 'seasonality': 0.2, 'acceleration': 0.2}, 'recent_slope': 0.0, 'forecast_slope': 0.0}",207
진천BC|백미|성분,0.0,0.0,0.0,0.0,0.0,0.0004548527321450928,0.4444444444444444,0.0009493162137621456,3.0,-99.89765813526735,"{'weights': {'growth': 0.35, 'volatility': 0.25, 'seasonality': 0.2, 'acceleration': 0.2}, 'recent_slope': 0.0, 'forecast_slope': -0.0001561924036490475}",208
진천BC|백미|기타,0.0,0.0,0.0,0.0,0.0,0.0546036128874239,0.5833333333333334,0.06129044592301808,3.0,-90.6393806478702,"{'weights': {'growth': 0.35, 'volatility': 0.25, 'seasonality': 0.2, 'acceleration': 0.2}, 'recent_slope': 0.0, 'forecast_slope': -0.002591497442486805}",209
진천BC|비엔나|합성수지류,0.0,0.0,0.0,0.0,0.0,0.43626868055781703,0.8888888888888888,0.4727978734133272,3.0,-50.91977343724559,"{'weights': {'growth': 0.35, 'volatility': 0.25, 'seasonality': 0.2, 'acceleration': 0.2}, 'recent_slope': 0.02857142857142855, 'forecast_slope': -0.01429616006620928}",210
진천BC|중식프라잉|공정이물류,0.0,0.0,0.0,0.0,0.0,0.6475279696679952,1.0,0.6833452655997041,4.0,-35.24720303320048,"{'weights': {'growth': 0.35, 'volatility': 0.25, 'seasonality': 0.2, 'acceleration': 0.2}, 'recent_slope': 0.0, 'forecast_slope': -0.014120262679100427}",211
진천BC|중식프라잉|동물성이물,0.0,0.0,0.0,0.0,0.0,0.1374756950585044,0.7222222222222222,0.16156269023780456,5.0,-80.96490376113016,"{'weights': {'growth': 0.35, 'volatility': 0.25, 'seasonality': 0.2, 'acceleration': 0.2}, 'recent_slope': 0.0, 'forecast_slope': -0.009214073758694399}",212
진천BC|양식반찬|합성수지류,0.0,0.0,0.0,0.0,0.0,0.0,0.3333333333333333,0.0,2.0,-100.0,"{'weights': {'growth': 0.35, 'volatility': 0.25, 'seasonality': 0.2, 'acceleration': 0.2}, 'recent_slope': 0.08571428571428572, 'forecast_slope': 0.0}",213
진천BC|일반 국물|포장오류,0.0,0.0,0.0,0.0,0.0,3.886245662299115e-10,1.1111111111111112,7.967875868445498e-10,11.0,-99.9999999650238,"{'weights': {'growth': 0.35, 'volatility': 0.25, 'seasonality': 0.2, 'acceleration': 0.2}, 'recent_slope': 0.0, 'forecast_slope': -1.298241109798491e-10}",214
진천BC|햇반 파우치밥|인체이물류,0.0,0.0,0.0,0.0,0.0,0.0005649602998838741,0.5833333333333334,0.0010413921250617564,4.0,-99.90314966287706,"{'weights': {'growth': 0.35, 'volatility': 0.25, 'seasonality': 0.2, 'acceleration': 0.2}, 'recent_slope': 0.0, 'forecast_slope': -0.00015768379706114857}",215
하북율원식품|맛간식|인체이물류,0.0,0.0,0.0,0.0,0.0,0.17527968536724878,0.4444444444444444,0.19312718335344087,2.0,-60.56207079236901,"{'weights': {'growth': 0.35, 'volatility': 0.25, 'seasonality': 0.2, 'acceleration': 0.2}, 'recent_slope': 0.0, 'forecast_slope': -0.006952831734984095}",216
푸드웨어|손만두|합성수지류,0.0,0.0,0.0,0.0,0.0,0.009012794429710778,0.5833333333333334,0.022323903987333332,5.0,-98.45494952633528,"{'weights': {'growth': 0.35, 'volatility': 0.25, 'seasonality': 0.2, 'acceleration': 0.2}, 'recent_slope': 0.02857142857142855, 'forecast_slope': -0.003918420156748999}",217
한우물 영농조합|햇반 성형밥(OEM)|인체이물류,0.0,0.0,0.0,0.0,0.0,0.0010405086159433106,1.0833333333333333,0.0013049721983901961,5.0,-99.90395305083601,"{'weights': {'growth': 0.35, 'volatility': 0.25, 'seasonality': 0.2, 'acceleration': 0.2}, 'recent_slope': 0.0, 'forecast_slope': -9.926761569163896e-05}",218
한우물 영농조합|햇반 성형밥(OEM)|합성수지류,0.0,0.0,0.0,0.0,0.0,0.0002359021773070387,0.8333333333333334,0.0003026502625300206,4.0,-99.97169173872315,"{'weights': {'growth': 0.35, 'volatility': 0.25, 'seasonality': 0.2, 'acceleration': 0.2}, 'recent_slope': 0.0, 'forecast_slope': -2.488567157613656e-05}",219
